time,open,high,low,close,Volume,Volume MA,ATR
2026-01-30T11:10:00-08:00,25757.5,25764.25,25753,25758.25,3006,4447.45,21.594060678746626
2026-01-30T11:11:00-08:00,25758,25761.75,25744.75,25750.5,2869,4343.5,21.26591348740758
2026-01-30T11:12:00-08:00,25750.5,25763.5,25740.75,25744.75,2573,4219.55,21.371919666878465
2026-01-30T11:13:00-08:00,25744.5,25746.25,25726.5,25736.5,4261,4156.8,21.25606826210143
2026-01-30T11:14:00-08:00,25736.5,25750,25727,25744.25,3176,4113.1,21.38063481480847
2026-01-30T11:15:00-08:00,25743.25,25753.25,25739,25741.75,2610,3985.55,20.871303756607865
2026-01-30T11:16:00-08:00,25741.75,25745.25,25731.25,25737.75,2512,3886.1,20.38049634542159
2026-01-30T11:17:00-08:00,25738.25,25739,25724.25,25729,2812,3882.65,19.978318035034334
2026-01-30T11:18:00-08:00,25730,25749,25727.5,25730.5,2562,3761.75,20.087009603960457
2026-01-30T11:19:00-08:00,25730.75,25746.5,25726.25,25733.25,2439,3554.9,20.098651775106138
2026-01-30T11:20:00-08:00,25733,25755,25731.5,25748.25,3190,3454.25,20.341605219741414
2026-01-30T11:21:00-08:00,25748.5,25761.25,25745.25,25758.25,2302,3366.15,20.031490561188456
2026-01-30T11:22:00-08:00,25758.5,25759.5,25734,25737,4066,3270.5,20.422098378246424
2026-01-30T11:23:00-08:00,25736.75,25746.75,25734,25741.75,3049,3194.05,19.874091351228824
2026-01-30T11:24:00-08:00,25742.25,25752.25,25737.5,25744.25,2229,3124.05,19.50808482614105
2026-01-30T11:25:00-08:00,25744,25755.5,25741,25742.75,2227,3049,19.15036448141669
2026-01-30T11:26:00-08:00,25742.5,25760.5,25739.75,25757.25,2525,2926.55,19.264624161315503
2026-01-30T11:27:00-08:00,25757,25759.25,25742.5,25750.25,2273,2850,19.085008149792966
2026-01-30T11:28:00-08:00,25750,25760.75,25748.75,25759.75,2376,2807.25,18.578936139093464
2026-01-30T11:29:00-08:00,25759.75,25763,25714.75,25716.5,7370,3021.35,20.69829784344393
2026-01-30T11:30:00-08:00,25716.5,25735,25689.25,25690.5,10430,3392.55,22.487705140340797
2026-01-30T11:31:00-08:00,25690.25,25720.75,25674.25,25707.5,10124,3755.3,24.20286905888788
2026-01-30T11:32:00-08:00,25706.75,25721.25,25697.25,25715.75,6242,3938.75,24.18837841182446
2026-01-30T11:33:00-08:00,25716.5,25729.75,25704.75,25727.5,5551,4003.25,24.246351382408427
2026-01-30T11:34:00-08:00,25727.5,25738.25,25725.25,25726.75,4904,4089.65,23.443040569379257
2026-01-30T11:35:00-08:00,25726.5,25736.75,25709,25717.5,4822,4200.25,23.750680528709307
2026-01-30T11:36:00-08:00,25717.25,25727.5,25708.75,25710,3967,4273,23.39348906237293
2026-01-30T11:37:00-08:00,25710,25723.75,25709.25,25711.75,3428,4303.8,22.758239843632005
2026-01-30T11:38:00-08:00,25711.5,25722.5,25705.5,25711.25,3483,4349.85,22.346936997658293
2026-01-30T11:39:00-08:00,25712,25718,25706,25713.25,2481,4351.95,21.60787006925413
2026-01-30T11:40:00-08:00,25713.75,25720.5,25700.75,25704.5,3282,4356.55,21.475165064307408
2026-01-30T11:41:00-08:00,25704.25,25720,25701.75,25710.5,2932,4388.05,21.244796131142596
2026-01-30T11:42:00-08:00,25710.5,25724.5,25705,25714.25,3350,4352.25,21.120167836060983
2026-01-30T11:43:00-08:00,25714.25,25715.75,25700.5,25712.75,2993,4349.45,20.7008701334852
2026-01-30T11:44:00-08:00,25713.5,25715.5,25692.5,25693.5,3418,4408.9,20.865093695379112
2026-01-30T11:45:00-08:00,25693.25,25695,25678.5,25679.5,3923,4493.7,20.55330128856632
2026-01-30T11:46:00-08:00,25679.75,25697,25675.75,25684.25,3389,4536.9,20.603065482240158
2026-01-30T11:47:00-08:00,25684.25,25693,25675,25680,2863,4566.4,20.417132233508717
2026-01-30T11:48:00-08:00,25680.25,25687.25,25663.75,25667.25,3587,4626.95,20.637337073972382
2026-01-30T11:49:00-08:00,25666.75,25674.5,25662.25,25664.75,3602,4438.55,20.03824156868864
2026-01-30T11:50:00-08:00,25665.25,25682.5,25664,25680.5,3457,4089.9,19.928367170925164
2026-01-30T11:51:00-08:00,25679.5,25684.25,25673.25,25675,2446,3706,19.290626658716224
2026-01-30T11:52:00-08:00,25676.75,25695.75,25676.25,25690.25,3622,3575,19.394867611665063
2026-01-30T11:53:00-08:00,25690.5,25721.75,25686.75,25704.25,6113,3603.1,20.50951992511756
2026-01-30T11:54:00-08:00,25704.5,25711.5,25703,25709,2523,3484.05,19.651697073323447
2026-01-30T11:55:00-08:00,25709.5,25724.75,25706.5,25711.25,3633,3424.6,19.551575853800347
2026-01-30T11:56:00-08:00,25711.5,25716.25,25701,25710.75,2944,3373.45,19.24432043567175
2026-01-30T11:57:00-08:00,25710.5,25714.25,25684.25,25686.75,4067,3405.4,20.012583261695195
2026-01-30T11:58:00-08:00,25687,25694,25672.5,25673,3803,3421.4,20.118827314431254
2026-01-30T11:59:00-08:00,25673.5,25676,25652,25658.25,5562,3575.45,20.39605393482902
2026-01-30T12:00:00-08:00,25658.25,25671.5,25654,25668.5,4419,3632.3,20.18919293948409
2026-01-30T12:01:00-08:00,25668,25683,25662.25,25674.75,4083,3689.85,20.2292505866638
2026-01-30T12:02:00-08:00,25675,25678.5,25663,25667,3206,3682.65,19.89144697333067
2026-01-30T12:03:00-08:00,25667.5,25671.25,25655.5,25662.5,2981,3682.05,19.59562933237848
2026-01-30T12:04:00-08:00,25662.25,25665,25652.5,25657,2576,3639.95,19.08879866578002
2026-01-30T12:05:00-08:00,25657.25,25661.5,25644.5,25645.75,4114,3649.5,18.939598761081445
2026-01-30T12:06:00-08:00,25645.25,25648.75,25625.25,25625.5,3978,3678.95,19.265341706718484
2026-01-30T12:07:00-08:00,25625.75,25633,25617.5,25628,4391,3755.35,18.996388727667163
2026-01-30T12:08:00-08:00,25628,25645.5,25615.75,25637,4970,3824.5,19.764503818548082
2026-01-30T12:09:00-08:00,25637.25,25644.75,25632.75,25638.5,2260,3757.4,19.209896402937506
2026-01-30T12:10:00-08:00,25639.25,25644,25632,25638.25,2042,3686.65,18.694903802727683
2026-01-30T12:11:00-08:00,25638,25646.5,25631.5,25634,2674,3698.05,18.430982102532848
2026-01-30T12:12:00-08:00,25634,25640.25,25623,25627.25,2443,3639.1,18.346626238066214
2026-01-30T12:13:00-08:00,25627,25631.5,25622.25,25627,2034,3435.15,17.696867221061485
2026-01-30T12:14:00-08:00,25626.75,25631.25,25613.5,25616,2658,3441.9,17.700662419557094
2026-01-30T12:15:00-08:00,25615.5,25615.5,25597.25,25598.75,5505,3535.5,17.775615103874447
2026-01-30T12:16:00-08:00,25599,25614.25,25598.75,25609.5,4316,3604.1,17.613071167883415
2026-01-30T12:17:00-08:00,25609.75,25610,25596.5,25602.25,3011,3551.3,17.319280370177456
2026-01-30T12:18:00-08:00,25603,25614.25,25600.25,25603.5,3345,3528.4,17.08218891516478
2026-01-30T12:19:00-08:00,25603.25,25608.25,25595.5,25595.5,2538,3377.2,16.77274684979587
2026-01-30T12:20:00-08:00,25595.25,25599.75,25585,25590.25,4526,3382.55,16.628264931953307
2026-01-30T12:21:00-08:00,25590,25596.25,25577.5,25579.25,3711,3363.95,16.779817436813783
2026-01-30T12:22:00-08:00,25579.25,25583,25571.5,25579,4151,3411.2,16.40268761989851
2026-01-30T12:23:00-08:00,25579,25588,25572.75,25584.25,3761,3450.2,16.320352789905762
2026-01-30T12:24:00-08:00,25583.75,25595.75,25583.75,25591,3675,3505.15,16.011756162055352
2026-01-30T12:25:00-08:00,25591,25611,25590.5,25600,4832,3541.05,16.332345007622827
2026-01-30T12:26:00-08:00,25600.5,25611.5,25588,25588.75,4582,3571.25,16.844320364221197
2026-01-30T12:27:00-08:00,25588.75,25592.5,25582.25,25588,3553,3529.35,16.37329748106254
2026-01-30T12:28:00-08:00,25587.5,25589.5,25571,25582.75,4987,3530.2,16.52520480384379
2026-01-30T12:29:00-08:00,25582.5,25602,25580,25596,3896,3612,16.916261603569232
2026-01-30T12:30:00-08:00,25596,25624.5,25591,25619.25,6514,3835.6,18.10081434617143
2026-01-30T12:31:00-08:00,25618.75,25627.5,25610.5,25620.75,4275,3915.65,18.022184750016326
2026-01-30T12:32:00-08:00,25620.25,25630.75,25604.25,25611.25,4475,4017.25,18.62774298215802
2026-01-30T12:33:00-08:00,25611.5,25633,25608,25630.5,3494,4090.25,19.08290419771816
2026-01-30T12:34:00-08:00,25630.75,25637.75,25620.75,25622.5,3856,4150.15,18.934125326452577
2026-01-30T12:35:00-08:00,25622.75,25645,25621,25641.25,4729,4111.35,19.295973517420254
2026-01-30T12:36:00-08:00,25641.5,25647.5,25633.75,25635.75,3715,4081.3,18.899832551890235
2026-01-30T12:37:00-08:00,25636,25643,25598.75,25600.75,6226,4242.05,20.71055879818379
2026-01-30T12:38:00-08:00,25600.75,25616.5,25600,25616,3956,4272.6,20.409804598313517
2026-01-30T12:39:00-08:00,25616,25627.75,25613,25620.5,3108,4301.1,20.00553284129112
2026-01-30T12:40:00-08:00,25620,25624,25612.5,25616.75,3117,4230.65,19.397994781198896
2026-01-30T12:41:00-08:00,25616.5,25642.25,25614,25639,3867,4238.45,20.030280868256117
2026-01-30T12:42:00-08:00,25638.75,25643.75,25629.75,25634.75,2930,4177.4,19.59954652052354
2026-01-30T12:43:00-08:00,25635,25642.5,25625.25,25633.75,3042,4141.45,19.43172176905757
2026-01-30T12:44:00-08:00,25634.25,25654.75,25634,25649.25,4121,4163.75,19.543741642696318
2026-01-30T12:45:00-08:00,25649,25670.5,25646.5,25669.75,5244,4184.35,19.862045811075152
2026-01-30T12:46:00-08:00,25669.25,25680.75,25666.5,25672.25,4111,4160.8,19.461185395998353
2026-01-30T12:47:00-08:00,25672.5,25696.5,25669.5,25691.75,4152,4190.75,19.999672153427042
2026-01-30T12:48:00-08:00,25692.25,25708,25692,25698.5,4552,4169,19.73183842818225
2026-01-30T12:49:00-08:00,25698.5,25716.5,25698.5,25714.5,3830,4165.7,19.608135683312092
2026-01-30T12:50:00-08:00,25714.5,25730.25,25692.75,25695.25,10533,4366.65,20.886125991646942
2026-01-30T12:51:00-08:00,25695.25,25712,25695,25698,4842,4395,20.60854556367216
2026-01-30T12:52:00-08:00,25697.75,25698.25,25677.25,25691,5940,4468.25,20.636506594838433
2026-01-30T12:53:00-08:00,25691,25691.25,25641,25648.5,6012,4594.15,22.751756123778545
2026-01-30T12:54:00-08:00,25648.5,25658.75,25640,25657.5,8514,4827.05,22.465916400651505
2026-01-30T12:55:00-08:00,25657.75,25672.25,25624.25,25672,7463,4963.75,24.289779514890682
2026-01-30T12:56:00-08:00,25672.25,25675.5,25651,25671,5208,5038.4,24.304795263827064
2026-01-30T12:57:00-08:00,25671.25,25671.5,25658.25,25661,4224,4938.3,23.515167030696556
2026-01-30T12:58:00-08:00,25660.75,25666.5,25653,25665,4940,4987.5,22.799797957075373
2026-01-30T12:59:00-08:00,25664.75,25686,25653.25,25675.75,15623,5613.25,23.510526674427133
2026-01-30T13:00:00-08:00,25675.5,25707,25663.5,25664.75,6480,5781.4,24.93834619768234
2026-01-30T13:01:00-08:00,25664.75,25669,25654.25,25654.5,2739,5725,24.21060718356217
2026-01-30T13:02:00-08:00,25654.75,25660.25,25641.5,25651.25,1920,5674.5,23.82056381330773
2026-01-30T13:03:00-08:00,25651.75,25661,25645.5,25653.5,1400,5592.4,23.22623782664289
2026-01-30T13:04:00-08:00,25653.75,25666,25653.75,25658.5,1460,5459.35,22.460077981882684
2026-01-30T13:05:00-08:00,25658.75,25659.75,25647.75,25650,1092,5251.75,21.71292955460535
2026-01-30T13:06:00-08:00,25649.75,25649.75,25642.25,25646.25,1174,5104.9,20.715577443562108
2026-01-30T13:07:00-08:00,25646.75,25658.75,25636.25,25638.5,1602,4977.4,20.843036197593385
2026-01-30T13:08:00-08:00,25638.75,25643.25,25625.5,25631,1870,4843.3,20.622105040622426
2026-01-30T13:09:00-08:00,25630.75,25634.25,25625.75,25634,1088,4706.2,19.75624039486368
2026-01-30T13:10:00-08:00,25634,25646.25,25633.5,25642.75,1643,4261.7,19.255794652373417
2026-01-30T13:11:00-08:00,25642.75,25653,25641.25,25650.75,1183,4078.75,18.719666462918173
2026-01-30T13:12:00-08:00,25650.75,25651,25641.25,25647,825,3823,18.07897600128116
2026-01-30T13:13:00-08:00,25647.5,25652,25637.25,25651,994,3572.1,17.841192001189647
2026-01-30T13:14:00-08:00,25651.5,25654.75,25646,25648.25,860,3189.4,17.191821143961814
2026-01-30T13:15:00-08:00,25648.5,25657.75,25644.5,25654,599,2846.2,16.910262490821683
2026-01-30T13:16:00-08:00,25653.75,25658.25,25652,25655.75,387,2605.15,16.148815170048707
2026-01-30T13:17:00-08:00,25655.75,25657,25649.5,25650,340,2410.95,15.53104265790237
2026-01-30T13:18:00-08:00,25650,25657,25646.75,25647,424,2185.15,15.153825325195058
2026-01-30T13:19:00-08:00,25647.25,25650.5,25645.75,25648.75,384,1423.2,14.410694944823982
2026-01-30T13:20:00-08:00,25649.25,25657,25646.75,25651.5,524,1125.4,14.113502448765127
2026-01-30T13:21:00-08:00,25652,25657,25646.75,25654,494,1013.15,13.837537988139047
2026-01-30T13:22:00-08:00,25654,25669.5,25653.75,25667.25,913,962.8,13.974142417557687
2026-01-30T13:23:00-08:00,25667.25,25676,25665.75,25673.75,554,920.5,13.708132244874994
2026-01-30T13:24:00-08:00,25674,25676,25671.5,25673.75,354,865.2,13.050408513098208
2026-01-30T13:25:00-08:00,25674.25,25676.5,25667,25668.25,456,833.4,12.796807905019765
2026-01-30T13:26:00-08:00,25668.25,25670.75,25666.5,25667.25,327,791.05,12.186321626089782
2026-01-30T13:27:00-08:00,25667,25667,25653.5,25655.25,533,737.6,12.298012938511942
2026-01-30T13:28:00-08:00,25655.25,25658,25652,25653.5,454,666.8,11.848154871475375
2026-01-30T13:29:00-08:00,25653.5,25654.25,25649.25,25650.25,256,625.2,11.359000952084276
2026-01-30T13:30:00-08:00,25650,25656.75,25648.5,25654.75,408,563.45,11.136929455506829
2026-01-30T13:31:00-08:00,25655.75,25657,25648,25648.5,275,518.05,10.984291637256343
2026-01-30T13:32:00-08:00,25649.25,25649.25,25643.75,25644.25,325,493.05,10.592556520309461
2026-01-30T13:33:00-08:00,25643.75,25650.75,25640.25,25649.75,568,471.75,10.585945340287356
2026-01-30T13:34:00-08:00,25649.5,25651.75,25647.25,25650,327,445.1,10.151234958838259
2026-01-30T13:35:00-08:00,25649.75,25652.75,25645,25648.5,364,433.35,9.979718176064097
2026-01-30T13:36:00-08:00,25647.75,25648.5,25643.5,25645.25,199,423.95,9.624024020630946
2026-01-30T13:37:00-08:00,25644.5,25644.5,25634.25,25637.75,585,436.2,9.722308019157307
2026-01-30T13:38:00-08:00,25638,25638.25,25631,25634.5,393,434.65,9.545714589217498
2026-01-30T13:39:00-08:00,25633.25,25642.75,25632.25,25642.25,421,436.5,9.613877832844821
2026-01-30T13:40:00-08:00,25642.25,25642.75,25637.5,25639.25,234,422,9.302172273355906
2026-01-30T13:41:00-08:00,25639,25640,25633.5,25633.75,297,412.15,9.10201711097334
2026-01-30T13:42:00-08:00,25634,25635,25629.75,25632.75,320,382.5,8.826873031618103
2026-01-30T13:43:00-08:00,25632.5,25637,25631.75,25634.25,290,369.3,8.571382100788238
2026-01-30T13:44:00-08:00,25633.75,25634.5,25630.25,25633.25,358,369.5,8.262711950731935
2026-01-30T13:45:00-08:00,25633.5,25635.75,25629.25,25633.25,475,370.45,8.136803954251082
2026-01-30T13:46:00-08:00,25632.5,25638.25,25629.25,25636.5,490,378.6,8.198460814661718
2026-01-30T13:47:00-08:00,25636,25636.5,25631.5,25632.75,213,362.6,7.969999327900167
2026-01-30T13:48:00-08:00,25632.75,25635.75,25631,25632.75,143,347.05,7.739999375907297
2026-01-30T13:49:00-08:00,25632.75,25637,25631.5,25637,208,344.65,7.579999420485348
2026-01-30T13:50:00-08:00,25636.5,25642.5,25635.5,25636,299,339.2,7.53857089045068
2026-01-30T13:51:00-08:00,25635.25,25638,25632.5,25633.25,173,334.1,7.392958683989917
2026-01-30T13:52:00-08:00,25633,25636.75,25631.25,25636.75,176,326.65,7.257747349419209
2026-01-30T13:53:00-08:00,25636.5,25642.5,25636.5,25642.5,339,315.2,7.167908253032123
2026-01-30T13:54:00-08:00,25642.5,25650,25639,25640.75,581,327.9,7.441629092101257
2026-01-30T13:55:00-08:00,25640.75,25644.5,25635,25640.5,365,327.95,7.588655585522596
2026-01-30T13:56:00-08:00,25640.75,25648.5,25640.5,25642.5,270,331.5,7.618037329413839
2026-01-30T13:57:00-08:00,25642.75,25648.75,25641.25,25643.5,205,312.5,7.609606091598565
2026-01-30T13:58:00-08:00,25642.25,25646.5,25639.75,25643.75,264,306.05,7.548205656484382
2026-01-30T13:59:00-08:00,25644.25,25647,25632,25638.75,513,310.65,8.080476681021212
2026-02-01T15:00:00-08:00,25530,25539,25489.25,25524,3829,490.4,18.18187120380541
2026-02-01T15:01:00-08:00,25522.5,25527.75,25469.75,25471.75,4460,698.55,21.026023260676453
2026-02-01T15:02:00-08:00,25471.5,25471.5,25432.5,25468.25,4003,882.7,22.327735884913846
2026-02-01T15:03:00-08:00,25467.5,25484,25460,25474,3401,1038.25,22.447183321705715
2026-02-01T15:04:00-08:00,25473,25498.25,25469.75,25495.25,2298,1135.25,22.879527370155305
2026-02-01T15:05:00-08:00,25495.25,25498.5,25461.5,25463.25,2168,1219.9,23.888132558001356
2026-02-01T15:06:00-08:00,25463.25,25474.25,25446.5,25453.5,1597,1275.25,24.16398023242983
2026-02-01T15:07:00-08:00,25454.75,25472.75,25439.5,25468.75,1647,1346.95,24.812981644399127
2026-02-01T15:08:00-08:00,25470.5,25473.75,25441,25441.5,1182,1398.9,25.379911526942045
2026-02-01T15:09:00-08:00,25441.75,25449.25,25418.5,25422,1780,1477.5,25.763489275017612
2026-02-01T15:10:00-08:00,25423.25,25427.75,25402,25406,2320,1578.55,25.7625257553735
2026-02-01T15:11:00-08:00,25407,25420.75,25400.5,25407.25,1728,1656.3,25.368773915703965
2026-02-01T15:12:00-08:00,25407.25,25433,25406,25432.25,1478,1721.4,25.48529006458225
2026-02-01T15:13:00-08:00,25431,25454.75,25431,25446,1781,1793.5,25.36134077425495
2026-02-01T15:14:00-08:00,25446,25454.5,25435.5,25441.5,1088,1818.85,24.906959290379596
2026-02-01T15:15:00-08:00,25442,25465.5,25441.5,25445.75,1388,1870,24.84217648392391
2026-02-01T15:16:00-08:00,25446.5,25452,25445.25,25449,329,1872.95,23.54987816364363
2026-02-01T15:17:00-08:00,25449,25462,25449,25458,579,1891.65,22.796315437669083
2026-02-01T15:18:00-08:00,25459.25,25459.25,25433.5,25433.5,1215,1939.2,23.007292906407006
2026-02-01T15:19:00-08:00,25434.5,25436.5,25413.5,25420.25,1561,1991.6,23.00677198452079
2026-02-01T15:20:00-08:00,25420,25429,25413,25419.5,1061,1853.2,22.506288271340733
2026-02-01T15:21:00-08:00,25419.5,25438.75,25419.5,25427,1219,1691.15,22.27369625195925
2026-02-01T15:22:00-08:00,25426.75,25426.75,25409.5,25413.5,1069,1544.45,21.932717948247873
2026-02-01T15:23:00-08:00,25413.75,25427.5,25408.25,25420.25,972,1423,21.741095237658737
2026-02-01T15:24:00-08:00,25420,25432.75,25419.75,25426.75,741,1345.15,21.116731292111684
2026-02-01T15:25:00-08:00,25426,25445.5,25425.5,25441.5,1078,1290.65,21.036964771246566
2026-02-01T15:26:00-08:00,25441.25,25444.25,25429.25,25436.25,904,1256,20.60575300187181
2026-02-01T15:27:00-08:00,25436.5,25438,25391.25,25392.75,2324,1289.85,22.473199216023826
2026-02-01T15:28:00-08:00,25393,25424.75,25373.25,25424.75,3284,1394.95,24.54654212916498
2026-02-01T15:29:00-08:00,25424.75,25445.25,25423,25434.75,1759,1393.9,24.382503405653193
2026-02-01T15:30:00-08:00,25433.5,25445,25418.5,25430.25,1268,1341.3,24.53375316239225
2026-02-01T15:31:00-08:00,25430.25,25465.25,25430.25,25454,2391,1374.45,25.281342222221376
2026-02-01T15:32:00-08:00,25454.75,25480,25451.25,25479.75,1640,1382.55,25.529103492062706
2026-02-01T15:33:00-08:00,25479.75,25489,25465.25,25486.75,1826,1384.8,25.402024671201083
2026-02-01T15:34:00-08:00,25485.75,25492.25,25481.5,25490.75,877,1374.25,24.355451480401005
2026-02-01T15:35:00-08:00,25490.25,25510.25,25489.25,25509.25,1938,1401.75,24.115776374658076
2026-02-01T15:36:00-08:00,25510.25,25527.25,25509.25,25524,1719,1471.25,23.67893520503964
2026-02-01T15:37:00-08:00,25525,25529.25,25518,25523,1008,1492.7,22.79115411896538
2026-02-01T15:38:00-08:00,25523.5,25524.5,25503.75,25507.75,1312,1497.55,22.64535739618214
2026-02-01T15:39:00-08:00,25507,25520,25507,25518.75,703,1454.65,21.956403296454845
2026-02-01T15:40:00-08:00,25517.75,25520,25504.75,25511.75,781,1440.65,21.477374489565214
2026-02-01T15:41:00-08:00,25511.75,25520,25510.5,25516.75,481,1403.75,20.621847740310557
2026-02-01T15:42:00-08:00,25516.75,25520,25510.25,25511.5,410,1370.8,19.845287187431232
2026-02-01T15:43:00-08:00,25510.75,25542.75,25510.5,25539.5,1346,1389.5,20.731338102614718
2026-02-01T15:44:00-08:00,25540.25,25559,25539,25545.25,2110,1457.95,20.679099666713665
2026-02-01T15:45:00-08:00,25546,25564,25546,25549.5,1750,1491.55,20.541306833376975
2026-02-01T15:46:00-08:00,25550,25566.5,25549,25560,1370,1514.85,20.324070630992907
2026-02-01T15:47:00-08:00,25559,25570.75,25546.5,25546.75,1115,1454.4,20.604494157350555
2026-02-01T15:48:00-08:00,25546.5,25558.5,25546.5,25547.75,857,1333.05,19.989887431825515
2026-02-01T15:49:00-08:00,25548.75,25552.75,25542.25,25543.25,709,1280.55,19.312038329552262
2026-02-01T15:50:00-08:00,25543.5,25550,25533.25,25536.5,1337,1284,19.1290355917271
2026-02-01T15:51:00-08:00,25537,25541.75,25528.75,25535,775,1203.2,18.691247335175166
2026-02-01T15:52:00-08:00,25534.25,25555,25533.75,25547.5,1145,1178.45,18.874015382662655
2026-02-01T15:53:00-08:00,25547.25,25556.25,25543.5,25545.5,623,1118.3,18.436585712472468
2026-02-01T15:54:00-08:00,25545.75,25560.25,25540.75,25545.75,963,1122.6,18.51254387586729
2026-02-01T15:55:00-08:00,25545,25547.75,25532.25,25535,862,1068.8,18.297362170448196
2026-02-01T15:56:00-08:00,25536,25545,25532.75,25543.5,684,1017.05,17.865407729701896
2026-02-01T15:57:00-08:00,25544,25549,25536.25,25538.75,547,994,17.50002146329462
2026-02-01T15:58:00-08:00,25538.75,25544.75,25535.5,25541.75,347,945.75,16.91073421591643
2026-02-01T15:59:00-08:00,25543.25,25543.75,25529.75,25533.5,530,937.1,16.702824629065258
2026-02-01T16:00:00-08:00,25532.75,25538.5,25516,25518.75,2015,998.8,17.116908584132027
2026-02-01T16:01:00-08:00,25517.5,25522.25,25492,25499.25,2404,1094.95,18.05498654240831
2026-02-01T16:02:00-08:00,25499.25,25526.25,25498.75,25510.25,1591,1154,18.729630360807715
2026-02-01T16:03:00-08:00,25510.5,25516.25,25487.25,25492.25,1428,1158.1,19.463228192178594
2026-02-01T16:04:00-08:00,25492.5,25514.75,25488.5,25514.75,918,1098.5,19.94799760702298
2026-02-01T16:05:00-08:00,25515,25515,25504.25,25509.5,544,1038.2,19.29099777794991
2026-02-01T16:06:00-08:00,25510.25,25511.5,25498,25507.5,534,996.4,18.877355079524914
2026-02-01T16:07:00-08:00,25508.5,25520,25505.75,25505.75,699,975.6,18.546829716701705
2026-02-01T16:08:00-08:00,25506,25557.75,25506,25553.25,2153,1040.4,20.93634187979444
2026-02-01T16:09:00-08:00,25553,25569.5,25545,25563.5,1758,1092.85,21.190888888380552
2026-02-01T16:10:00-08:00,25563.25,25568.25,25546.75,25560,1569,1104.45,21.21296825349623
2026-02-01T16:11:00-08:00,25560.5,25569.75,25559.25,25564.75,912,1111.3,20.447756235389356
2026-02-01T16:12:00-08:00,25565.25,25586.25,25558.25,25573.25,2092,1158.65,20.987202218575828
2026-02-01T16:13:00-08:00,25574,25596.5,25573.75,25588.5,1447,1199.85,21.148830631534697
2026-02-01T16:14:00-08:00,25589,25607,25581.75,25584,2101,1256.75,21.44177130071079
2026-02-01T16:15:00-08:00,25584,25599,25581.75,25586,1091,1268.2,21.142359064945733
2026-02-01T16:16:00-08:00,25585.25,25600.75,25584.75,25594.5,861,1277.05,20.775047703163896
2026-02-01T16:17:00-08:00,25594.75,25604,25589,25589.5,789,1289.15,20.362544295795043
2026-02-01T16:18:00-08:00,25589.25,25598.25,25578.75,25593.75,1473,1345.45,20.30093398895254
2026-02-01T16:19:00-08:00,25593.5,25615.25,25593.5,25597.5,1611,1399.5,20.40443870402736
2026-02-01T16:20:00-08:00,25596.5,25613.25,25595.75,25600.5,953,1346.4,20.196978796596834
2026-02-01T16:21:00-08:00,25600.5,25605.5,25596.75,25599.25,817,1267.05,19.379337453982775
2026-02-01T16:22:00-08:00,25599.25,25621,25599,25619,1065,1240.75,19.566527635841148
2026-02-01T16:23:00-08:00,25620,25621.5,25603.5,25613.75,1096,1224.15,19.454632804709636
2026-02-01T16:24:00-08:00,25614,25617.75,25608.25,25612.5,528,1204.65,18.743587604373236
2026-02-01T16:25:00-08:00,25612.5,25616.75,25594.25,25597.25,1072,1231.05,19.011902775489432
2026-02-01T16:26:00-08:00,25597,25625,25597,25623.5,1074,1258.05,19.653909720097328
2026-02-01T16:27:00-08:00,25622.5,25634.25,25620.75,25623.25,1508,1298.5,19.214344740090375
2026-02-01T16:28:00-08:00,25622.75,25624.25,25609.25,25617.25,1118,1246.75,18.913320115798204
2026-02-01T16:29:00-08:00,25617.25,25618,25606.25,25612.5,777,1197.7,18.401654393241188
2026-02-01T16:30:00-08:00,25613.75,25616.25,25602,25612.75,1045,1171.5,18.105107650866817
2026-02-01T16:31:00-08:00,25613.5,25623.25,25604.5,25613.25,778,1164.8,18.151171390090617
2026-02-01T16:32:00-08:00,25613.75,25621,25600.5,25604,884,1104.4,18.318944862227
2026-02-01T16:33:00-08:00,25603.75,25605.25,25591.75,25602.75,974,1080.75,17.97473451492507
2026-02-01T16:34:00-08:00,25603.75,25607.25,25593.5,25603.25,576,1004.5,17.672967763858995
2026-02-01T16:35:00-08:00,25603.75,25618.5,25599,25618.5,952,997.55,17.803470066440497
2026-02-01T16:36:00-08:00,25618.25,25627.5,25617.5,25625.25,951,1002.05,17.246079347409033
2026-02-01T16:37:00-08:00,25625.5,25637,25624,25637,1065,1015.85,16.942787965451245
2026-02-01T16:38:00-08:00,25636.5,25646,25630.25,25642.25,1113,997.85,16.85758882506187
2026-02-01T16:39:00-08:00,25642.25,25643.25,25623.25,25627.5,1288,981.7,17.08204676612888
2026-02-01T16:40:00-08:00,25627.25,25635.5,25625.75,25629,724,970.25,16.558329139976816
2026-02-01T16:41:00-08:00,25630,25636,25626.25,25631.25,481,953.45,16.072019915692756
2026-02-01T16:42:00-08:00,25630.25,25635.25,25626.5,25628.5,472,923.8,15.549018493143274
2026-02-01T16:43:00-08:00,25628.25,25635,25626.25,25628.5,631,900.55,15.063374315061612
2026-02-01T16:44:00-08:00,25628.75,25630.25,25612,25623.5,1274,937.85,15.290990435414354
2026-02-01T16:45:00-08:00,25623.25,25627.5,25613.25,25619.25,815,925,15.2166339757419
2026-02-01T16:46:00-08:00,25619.25,25632.25,25617.25,25624.75,836,913.1,15.201160120331764
2026-02-01T16:47:00-08:00,25624.75,25630.25,25620.75,25629.75,472,861.3,14.793934397450924
2026-02-01T16:48:00-08:00,25629.5,25629.75,25615.25,25618,661,838.45,14.772939083347286
2026-02-01T16:49:00-08:00,25617.5,25620,25611,25616.25,713,835.25,14.360586291679622
2026-02-01T16:50:00-08:00,25616.75,25617.75,25611,25614.25,268,796.4,13.816972985131077
2026-02-01T16:51:00-08:00,25613.5,25629.75,25613.25,25628,750,795,14.008617771907428
2026-02-01T16:52:00-08:00,25626.25,25633.75,25624.5,25625.25,635,782.55,13.668716502485468
2026-02-01T16:53:00-08:00,25625.25,25631,25617.5,25629,498,758.75,13.656665323736506
2026-02-01T16:54:00-08:00,25628,25630,25616.5,25618.75,281,744,13.645474943469612
2026-02-01T16:55:00-08:00,25617.75,25618,25607.5,25608.25,897,741.25,13.47436959036464
2026-02-01T16:56:00-08:00,25608.5,25615,25594,25600.25,1167,752.05,14.011914619624308
2026-02-01T16:57:00-08:00,25600.25,25610.75,25597,25605.5,570,727.3,13.993206432508286
2026-02-01T16:58:00-08:00,25606,25613,25601,25608.75,444,693.85,13.85083454447198
2026-02-01T16:59:00-08:00,25608.75,25613.25,25603.5,25604,404,649.65,13.55791779129541
2026-02-01T17:00:00-08:00,25604.5,25608.5,25596.75,25598,966,661.75,13.42878080620288
2026-02-01T17:01:00-08:00,25598,25628.5,25598,25628.5,1701,722.75,14.648153605759818
2026-02-01T17:02:00-08:00,25628.25,25633,25622,25629.5,954,746.85,14.387571205348403
2026-02-01T17:03:00-08:00,25629.75,25637.5,25624,25629,880,759.3,14.32417326210923
2026-02-01T17:04:00-08:00,25628,25634,25623.75,25629.75,571,724.15,14.033160886244286
2026-02-01T17:05:00-08:00,25629.25,25630.25,25598.75,25600,1239,745.35,15.280792251512551
2026-02-01T17:06:00-08:00,25599.75,25610.75,25593.25,25603.5,1629,785,15.439307090690225
2026-02-01T17:07:00-08:00,25604.5,25605,25577.25,25578,1575,840.15,16.318642298498066
2026-02-01T17:08:00-08:00,25577.5,25580.5,25559.25,25561.5,2368,925.5,16.670882134319633
2026-02-01T17:09:00-08:00,25561.5,25566.25,25547,25548.25,2272,1003.45,16.855104839011087
2026-02-01T17:10:00-08:00,25548,25550.75,25522.75,25524,2093,1094.7,17.651168779081722
2026-02-01T17:11:00-08:00,25524.5,25535.25,25523.25,25527,1486,1131.5,17.24751386629017
2026-02-01T17:12:00-08:00,25527.25,25527.25,25504,25506.25,2010,1200.25,17.676262875840873
2026-02-01T17:13:00-08:00,25505.25,25506.5,25482.5,25486,2486,1299.65,18.12795838470938
2026-02-01T17:14:00-08:00,25486.75,25499,25477.25,25494.75,2186,1394.9,18.386675642944425
2026-02-01T17:15:00-08:00,25494.5,25517,25492.75,25508.75,2125,1456.3,18.80548452559125
2026-02-01T17:16:00-08:00,25508.25,25520.5,25481,25515.75,2307,1513.3,20.28366420233473
2026-02-01T17:17:00-08:00,25516,25527.25,25514.25,25519,1801,1574.85,19.763402473596535
2026-02-01T17:18:00-08:00,25519.75,25531.5,25505.5,25507.5,1629,1634.1,20.208873725482498
2026-02-01T17:19:00-08:00,25508,25525,25503.75,25504.25,1195,1673.65,20.283239887948035
2026-02-01T17:20:00-08:00,25505,25520.5,25503.75,25507.25,918,1671.25,20.030865610237463
2026-02-01T17:21:00-08:00,25507.5,25510.5,25499.25,25506.75,1150,1643.7,19.40366092379193
2026-02-01T17:22:00-08:00,25506.25,25513.5,25495.75,25508,1102,1651.1,19.28554228637822
2026-02-01T17:23:00-08:00,25508.75,25529.5,25504.25,25523.25,1591,1686.65,19.711574980208347
2026-02-01T17:24:00-08:00,25523,25532.75,25518,25518.5,968,1706.5,19.35717676733632
2026-02-01T17:25:00-08:00,25518.75,25539.75,25518,25539.75,1517,1720.4,19.528092712526583
2026-02-01T17:26:00-08:00,25539.5,25548,25531.25,25536.5,1133,1695.6,19.329657518774685
2026-02-01T17:27:00-08:00,25536.5,25541,25528.75,25536.5,753,1654.5,18.823967696005063
2026-02-01T17:28:00-08:00,25536.25,25541.75,25530.75,25536.25,661,1569.15,18.26511286057613
2026-02-01T17:29:00-08:00,25537.5,25540.25,25526.25,25527,415,1476.3,17.96046194196355
2026-02-01T17:30:00-08:00,25528.25,25532.25,25480,25482.25,2837,1513.5,20.409714660394723
2026-02-01T17:31:00-08:00,25482.5,25486.75,25460,25461.25,2649,1571.65,20.862592184652243
2026-02-01T17:32:00-08:00,25460.5,25477,25455,25468,2067,1574.5,20.943835600034227
2026-02-01T17:33:00-08:00,25467.75,25479.75,25454.25,25479.75,1493,1524.85,21.269275914317497
2026-02-01T17:34:00-08:00,25479.75,25481,25454.25,25460.5,1528,1491.95,21.660756206151962
2026-02-01T17:35:00-08:00,25461.5,25478.5,25460.25,25471.25,1023,1436.85,21.417130762855397
2026-02-01T17:36:00-08:00,25471.25,25496,25471.25,25494.5,1640,1403.5,21.655192851222868
2026-02-01T17:37:00-08:00,25493.75,25502,25486,25494,1072,1367.05,21.25125050470695
2026-02-01T17:38:00-08:00,25495.25,25504.75,25490.25,25501.25,964,1333.8,20.769018325799312
2026-02-01T17:39:00-08:00,25501,25504,25482.5,25493,1205,1334.3,20.821231302527934
2026-02-01T17:40:00-08:00,25493,25493.5,25477.5,25478.5,1231,1349.95,20.476857638061656
2026-02-01T17:41:00-08:00,25479.5,25479.5,25445.25,25451.25,2403,1412.6,21.460653521057253
2026-02-01T17:42:00-08:00,25450.5,25457.5,25440.5,25450.5,1515,1433.25,21.142035412410305
2026-02-01T17:43:00-08:00,25450.5,25459.25,25446,25459.25,797,1393.55,20.57831859723814
2026-02-01T17:44:00-08:00,25459,25463.25,25448.75,25450,926,1391.45,20.144152983149702
2026-02-01T17:45:00-08:00,25450.25,25457.5,25445.25,25456,687,1349.95,19.580284912924725
2026-02-01T17:46:00-08:00,25456.5,25457.25,25438,25438,1054,1346,19.556693133430105
2026-02-01T17:47:00-08:00,25438.25,25443.75,25429,25431,1748,1395.75,19.21335790961367
2026-02-01T17:48:00-08:00,25431,25431.5,25410.5,25421.25,2756,1500.5,19.340975201784122
2026-02-01T17:49:00-08:00,25422,25430.5,25412.25,25425.25,1266,1543.05,19.263048401656686
2026-02-01T17:50:00-08:00,25425.25,25442.75,25420.25,25437.75,1501,1476.25,19.49425923010978
2026-02-01T17:51:00-08:00,25439,25439.5,25419.25,25420.25,1018,1394.7,19.54824071367337
2026-02-01T17:52:00-08:00,25420.5,25436.25,25418.5,25434,1081,1345.4,19.419794948410985
2026-02-01T17:53:00-08:00,25433.5,25441,25428.25,25433,855,1313.5,18.943381023524488
2026-02-01T17:54:00-08:00,25432.75,25443.75,25432,25441.25,730,1273.6,18.42956809327274
2026-02-01T17:55:00-08:00,25442.75,25455.5,25437.25,25440,1475,1296.2,18.416741800896116
2026-02-01T17:56:00-08:00,25439.75,25439.75,25412.5,25413.75,1525,1290.45,19.06554595797496
2026-02-01T17:57:00-08:00,25413,25414.75,25401,25405.5,2414,1357.55,18.685864103833893
2026-02-01T17:58:00-08:00,25405.5,25409.75,25398.25,25406.5,1767,1397.7,18.172588096417186
2026-02-01T17:59:00-08:00,25406.5,25411.75,25405.75,25407.25,742,1374.55,17.303117518101676
2026-02-01T18:00:00-08:00,25407.25,25416.75,25401.5,25405.25,1514,1388.7,17.1564662668087
2026-02-01T18:01:00-08:00,25405,25420.75,25402.5,25414.5,1266,1331.85,17.234575819179508
2026-02-01T18:02:00-08:00,25414,25443.75,25413.75,25439.5,1376,1324.9,18.146391832095258
2026-02-01T18:03:00-08:00,25439.5,25450,25436,25443.25,1032,1336.65,17.850220986945597
2026-02-01T18:04:00-08:00,25443.25,25447,25434.5,25444.75,759,1328.3,17.46806234502091
2026-02-01T18:05:00-08:00,25445.5,25447,25431,25432,592,1323.55,17.36320074894799