session_date,rth_start,rth_end,ib_high,ib_low,ib_range,midpoint,ib_volume,total_volume,relative_ib_volume,rth_high,rth_low,rth_close,rotation,failed_auction,breakside,breakside_rotation_up,breakside_rotation_down,breakside_retracement_points,breakside_retracement_normib,opening_window_minutes,opening_range_high,opening_range_low,opening_range,opening_range_close,opening_direction,opening_type,opening_bar_open,opening_bar_close,opening_bar_open_close,opening_bar_volume
2025-01-15,06:30,13:00,21408.5,21186.5,222.0,21297.5,353319.0,1093297.0,0.3231683613876193,21452.75,21186.5,21399.75,False,failed_high,high,21393.75,,14.75,0.06644144144144144,10,21285.0,21186.5,98.5,21251.75,down,auction,21252.25,21237.0,-15.25,10768.0
2025-01-16,06:30,13:00,21498.0,21336.0,162.0,21417.0,373553.0,1174365.0,0.3180893504149051,21498.0,21244.25,21247.75,False,none,low,,,91.0,0.5617283950617284,10,21498.0,21405.75,92.25,21446.5,down,auction,21495.0,21464.5,-30.5,8145.0
2025-01-17,06:30,13:00,21653.5,21481.0,172.5,21567.25,415256.0,1068810.0,0.3885218139800339,21672.5,21481.0,21601.0,False,failed_high,high,21580.0,,73.5,0.4260869565217391,10,21653.5,21512.5,141.0,21524.5,down,auction,21651.0,21599.25,-51.75,16553.0
2025-01-20,06:30,13:00,21780.0,21676.75,103.25,21728.375,121371.0,284048.0,0.42729045795076886,21780.0,21623.0,21680.5,False,failed_low,low,,21730.75,54.0,0.5230024213075061,10,21755.0,21713.25,41.75,21741.0,up,auction,21723.5,21724.5,1.0,2503.0
2025-01-21,06:30,13:00,21718.5,21525.5,193.0,21622.0,383582.0,985431.0,0.3892530273555429,21772.0,21525.5,21714.5,False,failed_high,high,21697.25,,21.25,0.11010362694300518,10,21718.5,21629.75,88.75,21635.75,down,auction,21710.0,21707.0,-3.0,8908.0
2025-01-22,06:30,13:00,22037.0,21902.5,134.5,21969.75,313808.0,889169.0,0.3529227852073116,22094.0,21902.5,21997.25,False,failed_high,high,21981.75,,55.25,0.4107806691449814,10,21982.0,21902.5,79.5,21957.5,up,auction,21915.0,21913.75,-1.25,7735.0
2025-01-23,06:30,13:00,21918.25,21866.0,52.25,21892.125,234493.0,866544.0,0.2706071474731808,22044.0,21866.0,22042.5,False,none,high,,,23.5,0.44976076555023925,10,21910.75,21866.0,44.75,21909.25,up,auction,21889.0,21868.0,-21.0,8176.0
2025-01-24,06:30,13:00,22078.0,21987.5,90.5,22032.75,289522.0,952074.0,0.30409611017630983,22078.0,21843.25,21908.0,False,none,low,,,48.25,0.5331491712707183,10,22052.75,22000.0,52.75,22022.75,down,auction,22044.25,22037.25,-7.0,7776.0
2025-01-27,06:30,13:00,21370.5,21108.25,262.25,21239.375,448511.0,1498638.0,0.29927907873682635,21418.0,21096.75,21259.25,True,failed_both,high,21096.75,21265.0,273.75,1.0438512869399428,10,21291.5,21108.25,183.25,21283.5,up,auction,21123.75,21171.75,48.0,17939.0
2025-01-28,06:30,13:00,21481.25,21160.75,320.5,21321.0,418360.0,1287772.0,0.3248711728473674,21626.0,21160.75,21576.25,False,none,high,,,10.75,0.033541341653666144,10,21319.75,21204.25,115.5,21218.75,down,auction,21302.0,21306.5,4.5,9898.0
2025-01-29,06:30,13:00,21606.25,21480.5,125.75,21543.375,320237.0,1379689.0,0.2321081055223315,21606.25,21368.0,21530.0,True,failed_low,low,,21601.0,120.5,0.9582504970178927,10,21606.25,21526.25,80.0,21545.0,down,auction,21600.0,21583.5,-16.5,6184.0
2025-01-30,06:30,13:00,21748.75,21522.0,226.75,21635.375,420601.0,1351195.0,0.3112807551833747,21748.75,21419.0,21621.75,False,failed_low,low,,21700.0,178.0,0.7850055126791621,10,21668.75,21597.25,71.5,21652.25,up,auction,21650.0,21635.75,-14.25,8116.0
2025-01-31,06:30,13:00,21921.5,21764.0,157.5,21842.75,291540.0,1422745.0,0.2049137406914099,21965.75,21536.25,21580.75,True,failed_high,high,21536.25,,385.25,2.4460317460317462,10,21838.25,21764.0,74.25,21799.0,up,auction,21774.25,21791.0,16.75,6364.0
2025-02-03,06:30,13:00,21363.5,21113.25,250.25,21238.375,465572.0,1488523.0,0.3127744751004855,21520.0,21113.25,21404.5,False,none,high,,,42.25,0.16883116883116883,10,21314.75,21177.75,137.0,21307.25,up,auction,21215.75,21206.0,-9.75,10068.0
2025-02-04,06:30,13:00,21663.5,21405.0,258.5,21534.25,297553.0,881350.0,0.33761048391671866,21694.75,21405.0,21668.0,False,none,high,,,113.25,0.4381044487427466,10,21523.5,21405.0,118.5,21507.0,up,auction,21421.75,21422.25,0.5,7188.0
2025-02-05,06:30,13:00,21609.0,21501.0,108.0,21555.0,319016.0,941397.0,0.33887509732875715,21769.25,21501.0,21760.5,False,none,high,,,47.0,0.4351851851851852,10,21587.75,21519.0,68.75,21568.5,up,auction,21550.75,21545.25,-5.5,7443.0
2025-02-06,06:30,13:00,21849.5,21738.0,111.5,21793.75,287840.0,905848.0,0.31775750457030316,21882.0,21711.75,21871.0,True,failed_low,low,,21882.0,144.0,1.2914798206278026,10,21781.0,21738.0,43.0,21763.75,down,auction,21776.75,21757.5,-19.25,7728.0
2025-02-07,06:30,13:00,21967.75,21685.0,282.75,21826.375,395739.0,1270209.0,0.3115542402864411,21967.75,21553.0,21588.0,False,none,low,,,118.75,0.41998231653404067,10,21967.75,21869.5,98.25,21946.5,up,auction,21885.5,21898.25,12.75,8725.0
2025-02-10,06:30,13:00,21873.5,21742.25,131.25,21807.875,251415.0,694148.0,0.3621922126117197,21893.75,21742.25,21843.25,False,failed_high,high,21817.25,,56.25,0.42857142857142855,10,21787.0,21742.25,44.75,21776.25,up,auction,21764.5,21756.5,-8.0,6845.0
2025-02-11,06:30,13:00,21845.25,21700.25,145.0,21772.75,240835.0,813982.0,0.29587263600423597,21871.25,21700.25,21790.5,False,failed_high,high,21715.75,,129.5,0.8931034482758621,10,21797.0,21700.25,96.75,21781.5,up,auction,21706.25,21730.75,24.5,8238.0
2025-02-12,06:30,13:00,21739.0,21535.75,203.25,21637.375,355135.0,982468.0,0.3614723329411238,21839.0,21535.75,21801.75,False,none,high,,,92.5,0.45510455104551045,10,21626.5,21535.75,90.75,21613.25,up,auction,21551.0,21548.0,-3.0,8752.0
2025-02-13,06:30,13:00,21996.5,21835.0,161.5,21915.75,369584.0,1045923.0,0.35335679586355784,22123.75,21835.0,22110.25,False,none,high,,,106.0,0.6563467492260062,10,21951.0,21835.0,116.0,21854.75,down,auction,21869.25,21880.0,10.75,5364.0
2025-02-14,06:30,13:00,22160.0,22088.0,72.0,22124.0,252136.0,837004.0,0.3012363142828469,22224.0,22088.0,22194.5,True,none,high,,,68.25,0.9479166666666666,10,22138.0,22088.0,50.0,22103.25,down,auction,22108.5,22122.75,14.25,6996.0
2025-02-17,06:30,13:00,22242.0,22192.0,50.0,22217.0,65628.0,131035.0,0.5008432861449231,22252.25,22192.0,22235.25,False,failed_high,high,22222.25,,19.75,0.395,10,22242.0,22196.75,45.25,22206.75,down,auction,22241.0,22227.75,-13.25,2847.0
2025-02-18,06:30,13:00,22268.0,22130.25,137.75,22199.125,316273.0,874113.0,0.36182164090912733,22268.0,22103.0,22238.5,False,failed_low,low,,22239.0,108.75,0.7894736842105263,10,22268.0,22223.0,45.0,22244.75,down,auction,22257.75,22253.0,-4.75,9916.0
2025-02-19,06:30,13:00,22221.5,22118.0,103.5,22169.75,249488.0,858317.0,0.29067116228619494,22299.75,22118.0,22247.75,False,none,high,,,30.5,0.2946859903381642,10,22221.5,22172.75,48.75,22187.0,down,auction,22207.5,22194.0,-13.5,6052.0
2025-02-20,06:30,13:00,22227.0,21950.75,276.25,22088.875,396008.0,1054978.0,0.37537086081415916,22227.0,21950.75,22144.25,False,none,none,,,,,10,22227.0,22171.5,55.5,22199.0,down,auction,22210.0,22211.5,1.5,4970.0
2025-02-21,06:30,13:00,22188.0,21992.25,195.75,22090.125,352501.0,1365682.0,0.25811352862525827,22188.0,21662.0,21683.0,False,none,low,,,37.25,0.19029374201787994,10,22188.0,22108.25,79.75,22120.5,down,auction,22186.5,22160.0,-26.5,10227.0
2025-02-24,06:30,13:00,21801.75,21436.75,365.0,21619.25,446641.0,1348670.0,0.3311714503918675,21801.75,21408.5,21422.5,False,none,low,,,13.5,0.036986301369863014,10,21801.75,21697.75,104.0,21702.25,down,auction,21753.0,21748.0,-5.0,8169.0
2025-02-25,06:30,13:00,21397.5,21028.0,369.5,21212.75,533010.0,1646302.0,0.3237619829168646,21397.5,20990.5,21150.25,False,failed_low,low,,21281.75,253.75,0.6867388362652233,10,21397.5,21324.75,72.75,21376.5,down,auction,21391.5,21372.25,-19.25,8025.0
2025-02-26,06:30,13:00,21372.0,21188.5,183.5,21280.25,414280.0,1384103.0,0.29931298465504375,21409.75,21064.75,21193.25,True,failed_both,high,21064.75,21224.5,307.25,1.6743869209809263,10,21274.25,21188.5,85.75,21265.0,up,auction,21237.75,21194.25,-43.5,12088.0
2025-02-27,06:30,13:00,21381.0,20896.5,484.5,21138.75,607103.0,1969925.0,0.30818584463875526,21381.0,20597.5,20611.0,False,none,low,,,23.0,0.047471620227038186,10,21381.0,21301.5,79.5,21308.0,down,auction,21340.5,21352.25,11.75,7526.0
2025-02-28,06:30,13:00,20759.0,20460.25,298.75,20609.625,500928.0,1823139.0,0.27476127711600706,20944.25,20460.25,20913.5,True,none,high,,,275.25,0.9213389121338912,10,20608.25,20460.25,148.0,20578.75,down,auction,20590.75,20552.0,-38.75,12048.0
2025-03-03,06:30,13:00,21120.75,20759.75,361.0,20940.25,519374.0,1892381.0,0.2744553026055535,21120.75,20317.5,20475.5,False,none,low,,,60.0,0.16620498614958448,10,21120.75,20967.75,153.0,20982.75,down,auction,21055.75,21027.75,-28.0,9865.0
2025-03-04,06:30,13:00,20430.0,20075.75,354.25,20252.875,559360.0,1854446.0,0.30163186202240455,20733.0,20075.75,20391.75,True,failed_high,high,20312.0,,118.0,0.3330980945659845,10,20430.0,20258.5,171.5,20357.25,up,auction,20342.5,20332.75,-9.75,10280.0
2025-03-05,06:30,13:00,20496.75,20270.25,226.5,20383.5,499309.0,1770681.0,0.2819869869276284,20725.5,20215.0,20656.25,True,failed_low,low,,20725.5,455.25,2.0099337748344372,10,20446.25,20313.0,133.25,20376.5,down,auction,20421.25,20435.0,13.75,8385.0
2025-03-06,06:30,13:00,20483.5,20228.25,255.25,20355.875,479768.0,1829869.0,0.26218707459386437,20513.25,20002.75,20092.0,True,failed_high,high,20002.75,,480.75,1.8834476003917728,10,20319.75,20228.25,91.5,20299.75,down,auction,20310.75,20280.5,-30.25,13900.0
2025-03-07,06:30,13:00,20242.25,20024.25,218.0,20133.25,462450.0,2110658.0,0.2191022894282257,20286.75,19766.0,20224.75,True,failed_both,low,20099.0,20286.75,262.5,1.2041284403669725,10,20126.5,20024.25,102.25,20091.25,up,auction,20037.5,20065.25,27.75,9957.0
2025-03-10,06:30,13:00,19902.0,19654.25,247.75,19778.125,482980.0,1943589.0,0.24849903966322098,19902.0,19271.75,19465.25,False,none,low,,,48.5,0.19576185671039353,10,19898.0,19787.75,110.25,19840.0,down,auction,19882.0,19880.25,-1.75,9495.0
2025-03-11,06:30,13:00,19613.5,19313.5,300.0,19463.5,572075.0,2201568.0,0.259848889518743,19687.5,19201.0,19401.0,True,failed_both,low,19392.25,19687.5,374.0,1.2466666666666666,10,19543.75,19386.5,157.25,19537.0,up,auction,19420.0,19434.75,14.75,6974.0
2025-03-12,06:30,13:00,19776.75,19580.0,196.75,19678.375,496652.0,1858587.0,0.2672202054571564,19776.75,19395.0,19609.25,False,failed_low,low,,19727.75,147.75,0.7509529860228716,10,19773.25,19671.0,102.25,19765.0,up,auction,19696.25,19694.25,-2.0,8967.0
2025-03-13,06:30,13:00,19577.0,19324.0,253.0,19450.5,558033.0,1987807.0,0.28072795799592215,19577.0,19165.5,19250.75,False,none,low,,,72.25,0.2855731225296443,10,19577.0,19490.5,86.5,19541.75,down,auction,19572.5,19542.5,-30.0,11672.0
2025-03-14,06:30,13:00,19620.75,19426.25,194.5,19523.5,471156.0,1576026.0,0.29895192084394545,19742.75,19426.25,19705.75,False,none,high,,,29.75,0.15295629820051415,10,19600.5,19450.0,150.5,19582.0,up,auction,19464.75,19486.0,21.25,8228.0
2025-03-17,06:30,13:00,19848.0,19684.0,164.0,19766.0,212541.0,742866.0,0.28610947331012593,19959.25,19628.5,19829.75,True,failed_both,low,19813.25,19959.25,275.25,1.6783536585365855,10,19828.5,19684.0,144.5,19823.25,up,auction,19701.25,19689.25,-12.0,3481.0
2025-03-18,06:30,13:00,19693.5,19434.25,259.25,19563.875,168190.0,443513.0,0.37922225504100215,19693.5,19401.0,19498.25,False,failed_low,low,,19579.25,145.0,0.5593056894889104,10,19693.5,19567.25,126.25,19576.75,down,auction,19692.0,19654.25,-37.75,4804.0
2025-03-19,06:30,13:00,19900.0,19706.5,193.5,19803.25,299876.0,1272050.0,0.23574230572697613,20142.25,19706.5,19952.5,False,none,high,,,134.5,0.6950904392764858,10,19815.0,19747.0,68.0,19766.75,down,auction,19788.25,19798.75,10.5,6911.0
2025-03-20,06:30,13:00,20086.25,19756.75,329.5,19921.5,349048.0,1378984.0,0.2531196881182088,20105.0,19756.75,19880.75,False,failed_high,high,19795.5,,290.75,0.8823975720789075,10,19897.25,19756.75,140.5,19894.0,up,auction,19786.5,19774.75,-11.75,7464.0
2025-03-21,06:30,13:00,19773.0,19607.0,166.0,19690.0,386160.0,1327714.0,0.290845769495539,19973.25,19607.0,19951.75,False,none,high,,,98.0,0.5903614457831325,10,19711.75,19607.0,104.75,19636.5,down,auction,19657.75,19693.5,35.75,10253.0
2025-03-24,06:30,13:00,20347.5,20228.75,118.75,20288.125,308822.0,958274.0,0.3222689961326301,20409.25,20228.75,20367.25,False,none,high,,,39.25,0.33052631578947367,10,20293.0,20228.75,64.25,20282.25,up,auction,20256.25,20241.0,-15.25,10343.0
2025-03-25,06:30,13:00,20454.75,20362.5,92.25,20408.625,299296.0,947571.0,0.31585601501101235,20496.5,20362.5,20489.5,False,none,high,,,52.75,0.5718157181571816,10,20421.5,20379.75,41.75,20397.25,down,auction,20401.5,20405.0,3.5,7234.0
2025-03-26,06:30,13:00,20475.0,20226.0,249.0,20350.5,386181.0,1021924.0,0.37789600792231126,20475.0,20076.5,20098.0,False,none,low,,,5.25,0.02108433734939759,10,20475.0,20412.75,62.25,20458.25,up,auction,20439.25,20444.5,5.25,6459.0
2025-03-27,06:30,13:00,20123.0,19937.75,185.25,20030.375,425241.0,1446807.0,0.2939168804132134,20199.0,19937.75,19993.5,False,failed_high,high,19975.0,,148.0,0.7989203778677463,10,20069.75,19944.0,125.75,19950.5,down,auction,20028.75,20044.5,15.75,9219.0
2025-03-28,06:30,13:00,19941.25,19630.75,310.5,19786.0,413143.0,1468541.0,0.28132888356538904,19941.25,19421.5,19459.25,False,none,low,,,28.75,0.09259259259259259,10,19920.75,19839.5,81.25,19909.0,down,auction,19911.0,19889.0,-22.0,7335.0
2025-03-31,06:30,13:00,19192.25,18976.75,215.5,19084.5,408823.0,1619197.0,0.25248502807255696,19489.5,18976.75,19442.5,False,none,high,,,29.75,0.13805104408352667,10,19192.25,19013.75,178.5,19070.25,down,auction,19166.75,19169.25,2.5,9508.0
2025-04-01,06:30,13:00,19462.25,19261.25,201.0,19361.75,466433.0,1741376.0,0.267853123047521,19643.25,19261.25,19605.25,False,none,high,,,77.5,0.3855721393034826,10,19433.0,19338.25,94.75,19384.0,up,auction,19380.5,19353.0,-27.5,11876.0
2025-04-02,06:30,13:00,19620.5,19317.0,303.5,19468.75,460038.0,1741289.0,0.2641939390876529,19890.0,19317.0,19749.0,False,none,high,,,59.75,0.19686985172981877,10,19519.25,19317.0,202.25,19499.0,up,auction,19328.0,19330.75,2.75,7123.0
2025-04-03,06:30,13:00,19074.0,18856.0,218.0,18965.0,401291.0,1577926.0,0.2543154748701777,19074.0,18664.75,18683.25,False,none,low,,,132.25,0.606651376146789,10,19074.0,18910.75,163.25,19058.5,up,auction,18922.5,18994.25,71.75,14689.0
2025-04-04,06:30,13:00,18248.75,17912.75,336.0,18080.75,418256.0,2016092.0,0.20745878660299233,18248.75,17528.25,17547.0,False,none,low,,,234.25,0.6971726190476191,10,18248.75,18057.25,191.5,18102.5,down,auction,18154.0,18190.0,36.0,13627.0
2025-04-07,06:30,13:00,18360.25,16673.5,1686.75,17516.875,674145.0,2117798.0,0.3183235606039858,18360.25,16673.5,17551.25,False,none,none,,,,,10,16981.25,16745.0,236.25,16843.75,down,auction,16931.75,16910.0,-21.75,10986.0
2025-04-08,06:30,13:00,18357.25,18062.25,295.0,18209.75,471520.0,2069633.0,0.22782783227751008,18357.25,16972.0,17239.25,True,none,low,,,72.5,0.2457627118644068,10,18202.0,18062.25,139.75,18103.25,down,auction,18149.0,18165.5,16.5,9209.0
2025-04-09,06:30,13:00,17597.25,17196.25,401.0,17396.75,368381.0,1829370.0,0.20137041713814044,19388.0,17196.25,19279.0,True,none,high,,,176.5,0.4401496259351621,10,17444.0,17196.25,247.75,17434.75,up,auction,17207.75,17245.25,37.5,8143.0
2025-04-10,06:30,13:00,18871.75,18563.5,308.25,18717.625,384621.0,2046595.0,0.18793215071863265,18871.75,17918.25,18488.0,False,none,low,,,107.0,0.3471208434712084,10,18871.75,18737.5,134.25,18795.0,up,auction,18791.0,18837.25,46.25,8991.0
2025-04-11,06:30,13:00,18648.0,18277.25,370.75,18462.625,389275.0,1563819.0,0.24892586674033249,18873.25,18270.0,18811.5,True,failed_low,low,,18873.25,596.0,1.607552258934592,10,18536.0,18353.5,182.5,18506.5,up,auction,18415.0,18450.75,35.75,7754.0
2025-04-14,06:30,13:00,19255.25,18987.0,268.25,19121.125,418671.0,1593861.0,0.2626772347149469,19255.25,18738.5,18937.5,False,none,low,,,108.25,0.40354147250698974,10,19255.25,19096.0,159.25,19099.5,down,drive,19232.75,19238.25,5.5,7861.0
2025-04-15,06:30,13:00,19144.75,18925.75,219.0,19035.25,385119.0,1349183.0,0.28544608107276775,19144.75,18884.5,18960.0,False,failed_low,low,,19001.0,75.25,0.3436073059360731,10,19068.25,18968.0,100.25,19059.75,up,auction,18987.0,18984.5,-2.5,6073.0
2025-04-16,06:30,13:00,18679.0,18509.75,169.25,18594.375,344615.0,1540791.0,0.2236610935551934,18735.25,18116.25,18388.25,True,failed_high,high,18116.25,,562.75,3.324963072378139,10,18678.75,18572.5,106.25,18654.75,up,auction,18584.75,18613.0,28.25,11753.0
2025-04-17,06:30,13:00,18509.5,18315.5,194.0,18412.5,389848.0,1475301.0,0.264249803938315,18526.0,18261.25,18373.75,True,failed_both,low,18329.75,18526.0,210.5,1.0850515463917525,10,18509.5,18383.25,126.25,18405.5,down,auction,18498.5,18480.25,-18.25,7767.0
2025-04-21,06:30,13:00,18165.75,17897.75,268.0,18031.75,301377.0,1176200.0,0.25622938275803436,18165.75,17700.0,17921.0,False,failed_low,low,,17952.0,54.25,0.20242537313432835,10,18165.75,18060.75,105.0,18113.0,down,auction,18128.75,18146.75,18.0,7193.0
2025-04-22,06:30,13:00,18305.75,18100.25,205.5,18203.0,322218.0,1453498.0,0.2216845155617689,18513.5,18100.25,18377.75,False,none,high,,,95.25,0.4635036496350365,10,18159.5,18100.25,59.25,18153.0,up,auction,18152.25,18114.0,-38.25,10207.0
2025-04-23,06:30,13:00,19145.0,18917.0,228.0,19031.0,388384.0,1573179.0,0.2468784543907591,19165.75,18729.75,18787.75,True,failed_high,high,18729.75,,415.25,1.8212719298245614,10,19113.0,18917.0,196.0,18993.5,up,auction,18949.5,18955.5,6.0,9584.0
2025-04-24,06:30,13:00,19142.0,18846.5,295.5,18994.25,350199.0,1329505.0,0.26340555319461,19338.5,18846.5,19319.0,False,none,high,,,54.5,0.1844331641285956,10,18905.0,18846.5,58.5,18902.0,up,auction,18875.5,18866.5,-9.0,6550.0
2025-04-25,06:30,13:00,19405.75,19236.0,169.75,19320.875,409656.0,1434605.0,0.28555316620254356,19554.5,19234.5,19531.0,True,failed_low,low,,19554.5,318.5,1.8762886597938144,10,19359.25,19256.25,103.0,19337.0,up,auction,19302.25,19314.25,12.0,8410.0
2025-04-28,06:30,13:00,19622.75,19433.0,189.75,19527.875,354143.0,1313847.0,0.26954660626389526,19622.75,19257.75,19526.0,False,failed_low,low,,19579.0,146.0,0.769433465085639,10,19574.5,19482.75,91.75,19494.0,down,auction,19548.25,19566.0,17.75,6989.0
2025-04-29,06:30,13:00,19601.0,19404.0,197.0,19502.5,316923.0,1193073.0,0.2656358831353991,19692.5,19404.0,19645.25,False,none,high,,,130.25,0.6611675126903553,10,19471.5,19404.0,67.5,19423.5,down,auction,19426.5,19432.0,5.5,5882.0
2025-04-30,06:30,13:00,19315.0,19102.25,212.75,19208.625,376676.0,1483871.0,0.2538468640468073,19715.75,19102.25,19641.75,False,none,high,,,39.25,0.1844888366627497,10,19304.25,19191.25,113.0,19192.25,down,drive,19301.25,19237.0,-64.25,11382.0
2025-05-01,06:30,13:00,20005.25,19858.0,147.25,19931.625,349866.0,1264480.0,0.2766876502593952,20125.25,19856.5,19874.25,True,failed_both,high,19856.5,19882.75,148.75,1.0101867572156198,10,19990.5,19903.25,87.25,19911.5,down,auction,19971.5,19961.25,-10.25,7358.0
2025-05-02,06:30,13:00,20180.5,20019.5,161.0,20100.0,324062.0,1125319.0,0.2879734546381959,20277.0,20019.5,20184.25,False,none,high,,,57.75,0.358695652173913,10,20125.0,20033.0,92.0,20089.75,down,auction,20091.25,20089.0,-2.25,6052.0
2025-05-05,06:30,13:00,20111.0,19985.25,125.75,20048.125,298753.0,915400.0,0.32636333843128684,20191.25,19985.25,20064.0,False,failed_high,high,20044.75,,66.25,0.5268389662027833,10,20053.75,19993.25,60.5,20020.75,up,auction,20010.25,20024.75,14.5,7240.0
2025-05-06,06:30,13:00,19910.0,19738.25,171.75,19824.125,332019.0,1204624.0,0.27562044256133034,20027.0,19738.25,19875.0,False,failed_high,high,19837.5,,72.5,0.42212518195050946,10,19864.5,19779.25,85.25,19861.75,up,auction,19795.5,19793.75,-1.75,9542.0
2025-05-07,06:30,13:00,19977.0,19858.0,119.0,19917.5,246253.0,1352630.0,0.18205495959722912,20055.0,19678.5,19950.0,True,failed_both,high,19678.5,20055.0,298.5,2.508403361344538,10,19920.75,19866.0,54.75,19886.0,down,auction,19898.75,19867.25,-31.5,7382.0
2025-05-08,06:30,13:00,20174.5,20025.0,149.5,20099.75,301702.0,1291436.0,0.23361746149247814,20337.5,19978.0,20153.5,True,failed_both,low,20141.25,20337.5,312.5,2.0903010033444818,10,20174.5,20097.75,76.75,20103.75,down,auction,20162.5,20169.0,6.5,7362.0
2025-05-09,06:30,13:00,20279.75,20112.5,167.25,20196.125,267389.0,1050033.0,0.2546481872474484,20279.75,20057.5,20134.75,False,failed_low,low,,20187.0,74.5,0.445440956651719,10,20279.75,20226.75,53.0,20256.5,up,auction,20227.0,20252.25,25.25,6850.0
2025-05-12,06:30,13:00,20922.25,20723.75,198.5,20823.0,347483.0,1106925.0,0.31391738374325273,20954.25,20690.0,20950.25,True,failed_low,low,,20954.25,230.5,1.1612090680100755,10,20922.25,20767.0,155.25,20786.25,down,auction,20919.0,20865.5,-53.5,11992.0
2025-05-13,06:30,13:00,21242.0,20973.25,268.75,21107.625,310348.0,1017559.0,0.30499263433373397,21347.0,20973.25,21270.5,False,none,high,,,19.75,0.07348837209302325,10,21069.75,20973.25,96.5,21065.0,up,auction,21004.25,20981.75,-22.5,7108.0
2025-05-14,06:30,13:00,21404.75,21272.75,132.0,21338.75,337139.0,1065304.0,0.31647210561492306,21419.75,21272.75,21395.75,True,failed_high,high,21281.25,,123.5,0.9356060606060606,10,21404.75,21314.0,90.75,21374.0,up,auction,21314.75,21334.5,19.75,6636.0
2025-05-15,06:30,13:00,21347.0,21248.25,98.75,21297.625,251286.0,1013807.0,0.24786374526906996,21529.75,21248.25,21417.75,True,none,high,,,43.5,0.44050632911392407,10,21339.5,21282.0,57.5,21295.0,down,auction,21302.75,21287.25,-15.5,5746.0
2025-05-16,06:30,13:00,21470.25,21388.75,81.5,21429.5,231679.0,806868.0,0.28713370712433756,21513.0,21320.0,21506.25,True,failed_low,low,,21513.0,124.25,1.5245398773006136,10,21470.25,21402.5,67.75,21437.75,down,auction,21467.5,21435.25,-32.25,7664.0
2025-05-19,06:30,13:00,21462.75,21201.5,261.25,21332.125,281310.0,900190.0,0.3125006942978705,21545.5,21201.5,21521.5,False,none,high,,,51.0,0.19521531100478468,10,21312.0,21201.5,110.5,21305.25,up,auction,21202.25,21251.25,49.0,9425.0
2025-05-20,06:30,13:00,21439.75,21354.0,85.75,21396.875,254672.0,878695.0,0.2898298044258816,21473.75,21298.0,21447.0,True,failed_low,high,,21452.0,141.75,1.653061224489796,10,21436.75,21390.5,46.25,21428.0,up,auction,21410.75,21432.25,21.5,6937.0
2025-05-21,06:30,13:00,21440.5,21277.0,163.5,21358.75,250416.0,1316907.0,0.19015465784599825,21558.5,21071.75,21149.25,True,failed_high,high,21071.75,,368.75,2.2553516819571864,10,21345.0,21277.0,68.0,21342.0,up,auction,21279.0,21303.75,24.75,6966.0
2025-05-22,06:30,13:00,21330.25,21113.75,216.5,21222.0,312787.0,1018843.0,0.3070021583305769,21337.75,21113.75,21182.0,False,failed_high,high,21166.25,,164.0,0.7575057736720554,10,21219.5,21113.75,105.75,21155.75,down,auction,21171.0,21179.25,8.25,5268.0
2025-05-23,06:30,13:00,20993.75,20821.5,172.25,20907.625,307649.0,1012388.0,0.3038844790732407,21083.75,20821.5,20978.75,False,failed_high,high,20918.75,,75.0,0.43541364296081275,10,20953.5,20821.5,132.0,20918.5,up,auction,20850.0,20848.0,-2.0,13008.0
2025-05-26,06:30,13:00,21307.75,21258.25,49.5,21283.0,41997.0,114571.0,0.3665587277757897,21307.75,21215.5,21284.5,False,failed_low,low,,21296.25,38.0,0.7676767676767676,10,21307.75,21258.75,49.0,21298.25,up,auction,21261.0,21274.0,13.0,1355.0
2025-05-27,06:30,13:00,21383.5,21193.25,190.25,21288.375,233262.0,750048.0,0.31099609624984004,21488.25,21193.25,21464.75,False,none,high,,,35.25,0.18528252299605782,10,21284.5,21193.25,91.25,21226.0,down,auction,21259.5,21278.5,19.0,8872.0
2025-05-28,06:30,13:00,21564.75,21438.25,126.5,21501.5,242610.0,816863.0,0.2970020676661815,21564.75,21349.0,21370.75,False,none,low,,,75.75,0.5988142292490118,10,21558.25,21490.25,68.0,21555.5,up,auction,21504.75,21509.75,5.0,7553.0
2025-05-29,06:30,13:00,21679.25,21380.25,299.0,21529.75,333049.0,1106115.0,0.3010979870989906,21679.25,21301.0,21410.75,False,failed_low,low,,21484.0,103.75,0.34698996655518394,10,21679.25,21560.5,118.75,21562.25,down,drive,21674.25,21649.5,-24.75,7571.0
2025-05-30,06:30,13:00,21394.75,21234.75,160.0,21314.75,244076.0,1151504.0,0.21196278953438286,21433.25,21071.5,21369.5,True,failed_both,high,21071.5,21433.25,323.25,2.0203125,10,21390.75,21303.5,87.25,21318.0,down,auction,21382.75,21355.0,-27.75,6657.0
2025-06-02,06:30,13:00,21458.0,21234.5,223.5,21346.25,298259.0,808724.0,0.3688019645762955,21543.75,21234.5,21533.75,False,none,high,,,33.5,0.14988814317673377,10,21458.0,21286.75,171.25,21455.75,up,auction,21287.75,21328.5,40.75,8748.0
2025-06-03,06:30,13:00,21638.75,21510.0,128.75,21574.375,254437.0,820915.0,0.3099431731665276,21759.75,21510.0,21704.25,False,none,high,,,13.25,0.1029126213592233,10,21595.75,21510.0,85.75,21523.5,down,auction,21546.0,21586.5,40.5,12481.0
2025-06-04,06:30,13:00,21793.5,21641.0,152.5,21717.25,277902.0,817703.0,0.3398568918054599,21802.75,21641.0,21758.25,False,failed_high,high,21748.25,,45.25,0.2967213114754098,10,21790.5,21716.75,73.75,21780.5,up,auction,21726.0,21740.25,14.25,7904.0
2025-06-05,06:30,13:00,21840.0,21691.75,148.25,21765.875,281850.0,1258439.0,0.22396794759221544,21936.25,21503.5,21589.0,True,failed_high,high,21503.5,,336.5,2.269814502529511,10,21840.0,21739.75,100.25,21748.0,down,auction,21812.0,21831.75,19.75,8905.0
2025-06-06,06:30,13:00,21863.5,21768.0,95.5,21815.75,243820.0,864909.0,0.2819024891635999,21880.0,21721.5,21787.25,True,failed_both,low,21721.5,21880.0,112.0,1.1727748691099475,10,21832.0,21768.0,64.0,21817.0,up,auction,21797.5,21791.0,-6.5,6335.0
2025-06-09,06:30,13:00,21866.75,21750.25,116.5,21808.5,206308.0,694703.0,0.2969729510308722,21892.5,21750.25,21818.25,False,failed_high,high,21813.25,,53.5,0.4592274678111588,10,21815.0,21750.25,64.75,21760.5,down,auction,21798.0,21808.75,10.75,6002.0
2025-06-10,06:30,13:00,21893.25,21818.0,75.25,21855.625,209418.0,853473.0,0.24537155832697696,21992.25,21743.0,21964.5,True,failed_low,low,,21992.25,174.25,2.3156146179401995,10,21884.0,21818.0,66.0,21881.25,up,auction,21836.5,21855.75,19.25,6247.0
2025-06-11,06:30,13:00,22043.25,21915.0,128.25,21979.125,239142.0,1110572.0,0.21533227922187845,22066.75,21790.25,21887.75,True,failed_high,high,21790.25,,253.0,1.97270955165692,10,22024.75,21960.0,64.75,21995.75,down,auction,22017.0,22014.75,-2.25,6557.0
2025-06-12,06:30,13:00,21931.0,21816.0,115.0,21873.5,236824.0,811022.0,0.2920068752758865,21977.5,21816.0,21936.75,False,none,high,,,49.25,0.4282608695652174,10,21880.5,21816.0,64.5,21868.5,up,auction,21829.25,21861.0,31.75,8769.0
2025-06-13,06:30,13:00,21796.25,21617.5,178.75,21706.875,269729.0,1023602.0,0.2635096453504389,21855.75,21601.25,21652.25,True,failed_both,high,21601.25,21693.0,195.0,1.0909090909090908,10,21788.25,21663.5,124.75,21782.5,up,auction,21680.0,21721.0,41.0,11275.0
2025-06-16,06:30,13:00,21976.25,21593.75,382.5,21785.0,165593.0,381963.0,0.4335315200686978,21996.5,21593.75,21948.5,False,failed_high,high,21732.25,,244.0,0.6379084967320261,10,21872.25,21593.75,278.5,21865.75,up,auction,21793.5,21840.5,47.0,8510.0
2025-06-17,06:30,13:00,21907.75,21781.0,126.75,21844.375,105578.0,249382.0,0.42335854231660663,21907.75,21683.75,21730.5,True,none,low,,,126.5,0.9980276134122288,10,21888.0,21793.75,94.25,21860.0,up,auction,21839.5,21872.5,33.0,6561.0
2025-06-18,06:30,13:00,21857.75,21639.5,218.25,21748.625,64601.0,192388.0,0.33578497619394143,21872.75,21639.5,21723.75,True,failed_high,high,21660.0,,197.75,0.9060710194730813,10,21772.5,21639.5,133.0,21739.5,down,auction,21770.0,21758.5,-11.5,3405.0
2025-06-20,06:30,13:00,21818.5,21620.5,198.0,21719.5,14994.0,608747.0,0.024630922205776784,21967.0,21620.5,21812.75,False,failed_high,high,21760.0,,58.5,0.29545454545454547,10,21705.0,21620.5,84.5,21650.5,up,auction,21623.75,21674.0,50.25,976.0
2025-06-23,06:30,13:00,22011.75,21758.5,253.25,21885.125,255553.0,1118092.0,0.22856169259774686,22093.0,21738.5,22073.0,True,failed_low,high,,22093.0,273.25,1.0789733464955578,10,21871.5,21758.5,113.0,21868.0,down,auction,21869.25,21848.75,-20.5,6932.0
2025-06-24,06:30,13:00,22333.25,22260.0,73.25,22296.625,213191.0,674279.0,0.3161762415854565,22447.75,22260.0,22405.25,False,none,high,,,33.25,0.4539249146757679,10,22320.25,22260.0,60.25,22300.75,up,auction,22286.0,22277.5,-8.5,7099.0
2025-06-25,06:30,13:00,22548.25,22462.75,85.5,22505.5,245749.0,796684.0,0.3084648367483218,22548.25,22388.25,22463.0,False,failed_low,low,,22475.0,12.25,0.14327485380116958,10,22542.25,22490.25,52.0,22540.5,up,auction,22499.25,22517.75,18.5,10890.0
2025-06-26,06:30,13:00,22576.5,22476.25,100.25,22526.375,240468.0,738959.0,0.32541453585381597,22692.75,22476.25,22673.25,False,none,high,,,26.75,0.26683291770573564,10,22566.5,22498.75,67.75,22515.25,down,auction,22552.75,22556.0,3.25,6586.0
2025-06-27,06:30,13:00,22823.75,22682.0,141.75,22752.875,218400.0,941107.0,0.2320671294549929,22823.75,22600.0,22752.0,True,failed_low,low,,22760.0,78.0,0.5502645502645502,10,22743.0,22682.0,61.0,22737.5,up,auction,22707.25,22715.0,7.75,7567.0
2025-06-30,06:30,13:00,22875.5,22795.0,80.5,22835.25,226433.0,824038.0,0.2747846579890733,22934.0,22780.0,22887.75,True,failed_low,low,,22934.0,139.0,1.7267080745341614,10,22875.5,22807.0,68.5,22833.0,down,auction,22872.0,22870.0,-2.0,8188.0
2025-07-01,06:30,13:00,22845.0,22748.5,96.5,22796.75,206198.0,1005231.0,0.20512499117118355,22845.0,22593.75,22692.75,False,none,low,,,27.75,0.28756476683937826,10,22821.25,22793.25,28.0,22811.5,up,auction,22803.0,22805.25,2.25,7028.0
2025-07-02,06:30,13:00,22798.0,22650.75,147.25,22724.375,201116.0,683043.0,0.29444119916315664,22858.75,22650.75,22844.0,False,none,high,,,25.75,0.17487266553480477,10,22707.25,22650.75,56.5,22703.25,up,auction,22654.25,22663.25,9.0,7251.0
2025-07-03,06:30,13:00,23070.5,22929.75,140.75,23000.125,191657.0,426029.0,0.449868436186269,23101.25,22929.75,23059.0,False,failed_high,high,23028.0,,42.5,0.3019538188277087,10,22986.0,22929.75,56.25,22952.25,up,auction,22932.0,22968.75,36.75,9981.0
2025-07-04,06:30,13:00,22933.5,22887.5,46.0,22910.5,35120.0,81995.0,0.4283187999268248,22946.0,22887.5,22904.5,False,failed_high,high,22895.5,,38.0,0.8260869565217391,10,22924.0,22887.5,36.5,22896.75,down,auction,22917.5,22920.0,2.5,861.0
2025-07-07,06:30,13:00,22978.0,22900.25,77.75,22939.125,222009.0,953077.0,0.23293920638101642,22978.0,22780.25,22886.5,False,none,low,,,62.5,0.8038585209003215,10,22975.5,22900.25,75.25,22923.5,down,auction,22943.25,22970.5,27.25,9359.0
2025-07-08,06:30,13:00,22944.0,22849.25,94.75,22896.625,218514.0,837373.0,0.2609518100058158,22962.75,22841.0,22891.5,True,failed_both,low,22870.0,22962.75,113.5,1.1978891820580475,10,22944.0,22891.5,52.5,22894.75,down,auction,22935.0,22933.75,-1.25,5476.0
2025-07-09,06:30,13:00,23111.25,22977.75,133.5,23044.5,230972.0,879846.0,0.26251412178949496,23111.25,22917.0,23051.25,False,failed_low,low,,23057.5,79.75,0.5973782771535581,10,23054.75,22977.75,77.0,23048.5,up,auction,22978.25,23003.75,25.5,9057.0
2025-07-10,06:30,13:00,23089.75,22901.0,188.75,22995.375,292013.0,792271.0,0.3685771661464322,23089.75,22901.0,23016.25,False,none,none,,,,,10,23089.75,23022.0,67.75,23035.5,down,auction,23072.0,23079.5,7.5,9269.0
2025-07-11,06:30,13:00,23004.5,22863.0,141.5,22933.75,238625.0,803471.0,0.29699267303984833,23021.75,22863.0,22955.25,False,failed_high,high,22908.75,,95.75,0.676678445229682,10,22958.25,22875.0,83.25,22893.75,down,auction,22915.25,22941.75,26.5,12243.0
2025-07-14,06:30,13:00,22988.0,22842.5,145.5,22915.25,260989.0,704877.0,0.37026176198116834,23067.75,22842.5,23034.5,False,none,high,,,13.25,0.09106529209621993,10,22979.0,22916.75,62.25,22933.25,down,auction,22943.0,22950.5,7.5,11681.0
2025-07-15,06:30,13:00,23222.75,23119.0,103.75,23170.875,278850.0,953069.0,0.2925811247664125,23222.75,23050.0,23054.75,False,none,low,,,62.0,0.5975903614457831,10,23222.75,23152.0,70.75,23155.0,down,drive,23200.0,23206.5,6.5,8437.0
2025-07-16,06:30,13:00,23090.0,22948.25,141.75,23019.125,286861.0,1078616.0,0.2659528506901437,23100.0,22835.75,23074.75,True,failed_both,low,23073.0,23100.0,151.75,1.0705467372134039,10,23090.0,23013.0,77.0,23043.25,down,auction,23074.5,23066.5,-8.0,9444.0
2025-07-17,06:30,13:00,23175.25,23065.75,109.5,23120.5,238627.0,713093.0,0.33463657615486336,23281.0,23065.75,23256.75,False,none,high,,,15.75,0.14383561643835616,10,23119.0,23065.75,53.25,23079.5,down,auction,23100.25,23104.5,4.25,8389.0
2025-07-18,06:30,13:00,23310.0,23186.75,123.25,23248.375,254116.0,799878.0,0.31769344825085827,23310.0,23170.0,23226.25,False,failed_low,low,,23253.0,66.25,0.537525354969574,10,23310.0,23257.25,52.75,23274.75,down,auction,23300.5,23276.5,-24.0,10155.0
2025-07-21,06:30,13:00,23425.0,23255.0,170.0,23340.0,228632.0,719889.0,0.31759340676132014,23425.0,23255.0,23345.25,False,none,none,,,,,10,23330.75,23255.0,75.75,23328.25,up,auction,23256.25,23281.0,24.75,10739.0
2025-07-22,06:30,13:00,23349.75,23105.0,244.75,23227.375,367476.0,947474.0,0.38784810981620604,23349.75,23105.0,23221.0,False,none,none,,,,,10,23349.75,23279.0,70.75,23305.5,down,auction,23344.25,23318.75,-25.5,9074.0
2025-07-23,06:30,13:00,23264.25,23142.5,121.75,23203.375,279014.0,902489.0,0.30916055486548866,23324.0,23142.5,23322.75,True,none,high,,,70.75,0.5811088295687885,10,23264.25,23183.0,81.25,23224.75,down,auction,23261.5,23223.75,-37.75,12379.0
2025-07-24,06:30,13:00,23400.75,23298.5,102.25,23349.625,266330.0,774755.0,0.34376028550961274,23425.0,23298.5,23375.5,False,failed_high,high,23372.25,,28.5,0.2787286063569682,10,23399.5,23337.0,62.5,23346.75,down,auction,23373.75,23390.5,16.75,11983.0
2025-07-25,06:30,13:00,23416.0,23330.25,85.75,23373.125,216976.0,664648.0,0.32645249816444194,23477.0,23330.25,23421.5,False,none,high,,,25.75,0.30029154518950435,10,23378.5,23330.25,48.25,23351.75,down,auction,23360.5,23356.0,-4.5,7490.0
2025-07-28,06:30,13:00,23527.75,23462.5,65.25,23495.125,231468.0,676843.0,0.34198181853103304,23527.75,23437.0,23491.25,False,failed_low,low,,23507.75,45.25,0.6934865900383141,10,23505.0,23462.5,42.5,23487.25,up,auction,23472.5,23487.75,15.25,9841.0
2025-07-29,06:30,13:00,23652.25,23538.75,113.5,23595.5,260799.0,914929.0,0.2850483480138896,23652.25,23422.0,23454.75,False,none,low,,,10.25,0.09030837004405286,10,23652.25,23592.75,59.5,23645.75,up,auction,23595.5,23620.75,25.25,12028.0
2025-07-30,06:30,13:00,23526.5,23450.25,76.25,23488.375,196397.0,908000.0,0.21629625550660794,23589.75,23355.0,23483.5,True,failed_both,high,23355.0,23490.5,171.5,2.2491803278688525,10,23509.75,23450.25,59.5,23492.5,up,auction,23487.25,23469.0,-18.25,7999.0
2025-07-31,06:30,13:00,23752.25,23608.25,144.0,23680.25,327153.0,1372009.0,0.23844814429059868,23752.25,23305.75,23361.25,False,none,low,,,21.5,0.14930555555555555,10,23752.25,23639.75,112.5,23659.0,down,auction,23747.75,23699.0,-48.75,15899.0
2025-08-01,06:30,13:00,23095.5,22799.25,296.25,22947.375,419775.0,1321087.0,0.3177497015715089,23095.5,22788.25,22885.0,False,failed_low,low,,22945.0,145.75,0.4919831223628692,10,23095.5,22976.25,119.25,22992.0,down,auction,23088.25,23041.25,-47.0,11525.0
2025-08-04,06:30,13:00,23263.75,23088.75,175.0,23176.25,256378.0,782856.0,0.3274906240739038,23308.0,23088.75,23297.75,False,none,high,,,23.0,0.13142857142857142,10,23173.5,23088.75,84.75,23159.25,up,auction,23094.5,23099.0,4.5,11741.0
2025-08-05,06:30,13:00,23397.25,23262.0,135.25,23329.625,314022.0,1166591.0,0.26917917247775786,23397.25,23113.5,23133.25,False,none,low,,,20.75,0.1534195933456562,10,23362.25,23303.5,58.75,23351.75,up,auction,23348.75,23305.75,-43.0,13160.0
2025-08-06,06:30,13:00,23285.0,23148.75,136.25,23216.875,365203.0,976543.0,0.37397533953957995,23444.75,23148.75,23424.0,False,none,high,,,26.75,0.1963302752293578,10,23228.0,23152.0,76.0,23159.5,down,auction,23168.75,23166.75,-2.0,8570.0
2025-08-07,06:30,13:00,23671.25,23543.0,128.25,23607.125,357838.0,1241659.0,0.288193457301884,23671.25,23330.0,23500.5,False,none,low,,,50.75,0.39571150097465885,10,23633.75,23582.75,51.0,23633.0,up,auction,23601.0,23589.25,-11.75,7304.0
2025-08-08,06:30,13:00,23686.5,23530.0,156.5,23608.25,255375.0,835537.0,0.3056417609274036,23724.5,23530.0,23714.5,False,none,high,,,74.5,0.476038338658147,10,23579.75,23530.0,49.75,23578.5,up,auction,23541.75,23562.0,20.25,9511.0
2025-08-11,06:30,13:00,23767.5,23681.0,86.5,23724.25,201512.0,797511.0,0.2526761386363323,23804.5,23587.0,23638.5,True,failed_high,high,23587.0,,180.5,2.086705202312139,10,23730.75,23681.0,49.75,23712.5,down,auction,23715.75,23719.75,4.0,7586.0
2025-08-12,06:30,13:00,23808.5,23622.0,186.5,23715.25,359352.0,828268.0,0.4338595720225821,23949.25,23622.0,23935.75,False,none,high,,,10.25,0.054959785522788206,10,23797.5,23710.0,87.5,23794.0,up,auction,23733.0,23738.75,5.75,8966.0
2025-08-13,06:30,13:00,24069.0,23947.25,121.75,24008.125,264102.0,875519.0,0.30165193445259325,24069.0,23886.0,23944.25,False,none,low,,,26.0,0.2135523613963039,10,24069.0,24028.75,40.25,24051.5,up,auction,24044.5,24031.5,-13.0,7211.0
2025-08-14,06:30,13:00,23960.25,23841.25,119.0,23900.75,234528.0,883060.0,0.2655855774239576,24005.5,23841.25,23921.75,False,failed_high,high,23862.75,,97.5,0.819327731092437,10,23920.0,23841.25,78.75,23914.75,up,auction,23858.25,23847.0,-11.25,8838.0
2025-08-15,06:30,13:00,23910.75,23766.0,144.75,23838.375,285543.0,888484.0,0.32138226462153513,23910.75,23734.75,23805.25,False,failed_low,low,,23847.75,81.75,0.5647668393782384,10,23910.75,23850.0,60.75,23852.5,down,drive,23909.25,23861.25,-48.0,10774.0
2025-08-18,06:30,13:00,23824.5,23735.0,89.5,23779.75,240039.0,753385.0,0.31861398886359565,23824.5,23718.75,23796.5,True,failed_low,low,,23816.0,81.0,0.9050279329608939,10,23818.25,23767.75,50.5,23806.0,up,auction,23768.75,23801.75,33.0,9335.0
2025-08-19,06:30,13:00,23770.75,23622.75,148.0,23696.75,334863.0,1133264.0,0.2954854296968756,23770.75,23425.25,23470.5,False,none,low,,,36.25,0.24493243243243243,10,23770.75,23660.0,110.75,23692.5,down,auction,23762.5,23755.0,-7.5,7170.0
2025-08-20,06:30,13:00,23432.0,23063.25,368.75,23247.625,452055.0,1391044.0,0.32497534226092056,23432.0,23035.25,23324.75,False,failed_low,low,,23368.5,305.25,0.8277966101694916,10,23432.0,23357.0,75.0,23359.0,down,drive,23425.75,23385.0,-40.75,11994.0
2025-08-21,06:30,13:00,23348.25,23155.25,193.0,23251.75,376693.0,1230634.0,0.3060966948743493,23348.25,23119.5,23218.0,True,failed_low,low,,23254.75,99.5,0.5155440414507773,10,23290.5,23199.5,91.0,23276.5,up,auction,23260.25,23200.5,-59.75,12154.0
2025-08-22,06:30,13:00,23633.5,23206.25,427.25,23419.875,488796.0,1190249.0,0.4106670116925114,23650.0,23206.25,23566.5,False,failed_high,high,23507.0,,126.5,0.2960795787009947,10,23284.0,23206.25,77.75,23276.75,up,auction,23263.5,23210.5,-53.0,13865.0
2025-08-25,06:30,13:00,23561.0,23445.0,116.0,23503.0,301844.0,837773.0,0.36029330140742183,23616.75,23445.0,23492.75,False,failed_high,high,23488.75,,72.25,0.6228448275862069,10,23518.5,23445.0,73.5,23500.0,up,auction,23496.0,23497.25,1.25,11662.0
2025-08-26,06:30,13:00,23548.0,23426.75,121.25,23487.375,318730.0,903641.0,0.3527175061777852,23600.0,23426.75,23588.25,False,none,high,,,69.0,0.5690721649484536,10,23515.0,23463.25,51.75,23485.75,up,auction,23470.25,23469.5,-0.75,10055.0
2025-08-27,06:30,13:00,23606.75,23488.5,118.25,23547.625,281523.0,836279.0,0.33663765322338596,23657.5,23488.5,23620.5,False,none,high,,,64.75,0.547568710359408,10,23565.25,23524.0,41.25,23553.25,up,auction,23541.5,23533.75,-7.75,9612.0
2025-08-28,06:30,13:00,23743.25,23572.5,170.75,23657.875,409695.0,1014057.0,0.40401575059390155,23803.75,23572.5,23766.25,False,none,high,,,78.5,0.45973645680819913,10,23743.25,23629.25,114.0,23719.25,up,auction,23640.5,23705.25,64.75,19824.0
2025-08-29,06:30,13:00,23668.0,23428.0,240.0,23548.0,412664.0,1111875.0,0.3711424395727937,23668.0,23401.5,23474.0,False,failed_low,low,,23498.5,70.5,0.29375,10,23668.0,23594.5,73.5,23596.5,down,drive,23652.0,23650.25,-1.75,10620.0
2025-09-01,06:30,13:00,23495.0,23443.25,51.75,23469.125,36762.0,83340.0,0.44110871130309576,23507.0,23443.25,23502.75,False,none,high,,,15.75,0.30434782608695654,10,23479.25,23443.25,36.0,23478.25,up,auction,23476.0,23460.5,-15.5,1829.0
2025-09-02,06:30,13:00,23280.25,23025.0,255.25,23152.625,389090.0,1190233.0,0.32690237961810836,23290.0,23025.0,23279.25,True,failed_high,high,23261.75,,18.5,0.07247796278158668,10,23162.0,23025.0,137.0,23133.25,up,auction,23100.5,23056.0,-44.5,14675.0
2025-09-03,06:30,13:00,23472.0,23369.75,102.25,23420.875,340327.0,1172003.0,0.2903806560222115,23526.0,23318.25,23454.25,True,failed_both,high,23318.25,23454.75,153.75,1.5036674816625917,10,23438.0,23372.0,66.0,23393.25,down,auction,23423.5,23411.5,-12.0,9771.0
2025-09-04,06:30,13:00,23548.25,23410.0,138.25,23479.125,348122.0,970320.0,0.35877030258059195,23680.5,23410.0,23665.25,False,none,high,,,35.5,0.25678119349005424,10,23548.25,23457.25,91.0,23491.75,up,auction,23480.25,23470.5,-9.75,8743.0
2025-09-05,06:30,13:00,23902.5,23629.25,273.25,23765.875,463197.0,1476223.0,0.31377169980416236,23902.5,23505.0,23691.0,False,failed_low,low,,23693.75,64.5,0.23604757548032937,10,23902.5,23821.5,81.0,23836.75,down,auction,23874.5,23853.0,-21.5,15627.0
2025-09-08,06:30,13:00,23876.5,23771.25,105.25,23823.875,312764.0,961363.0,0.3253339269349871,23888.0,23758.5,23801.5,True,failed_both,high,23758.5,23819.75,118.0,1.1211401425178147,10,23846.75,23771.25,75.5,23802.75,up,auction,23784.25,23788.0,3.75,11760.0
2025-09-09,06:30,13:00,23857.75,23781.0,76.75,23819.375,275829.0,887162.0,0.310911648605328,23887.75,23726.5,23866.75,True,failed_low,low,,23887.75,106.75,1.3908794788273615,10,23857.75,23823.0,34.75,23834.25,down,auction,23835.0,23826.5,-8.5,10282.0
2025-09-10,06:30,13:00,24000.75,23894.25,106.5,23947.5,316404.0,1039347.0,0.30442575963561735,24000.75,23785.0,23874.75,True,none,low,,,15.5,0.14553990610328638,10,24000.75,23926.25,74.5,23940.25,down,auction,23998.5,23943.25,-55.25,15451.0
2025-09-11,06:30,13:00,24003.25,23909.75,93.5,23956.5,297092.0,842803.0,0.3525046778428648,24048.75,23909.75,24011.25,False,none,high,,,28.0,0.2994652406417112,10,23997.75,23926.75,71.0,23934.75,down,auction,23977.0,23980.0,3.0,10866.0
2025-09-12,06:30,13:00,24076.5,24002.0,74.5,24039.25,248391.0,802081.0,0.3096831866108286,24159.0,24002.0,24110.75,False,none,high,,,12.0,0.1610738255033557,10,24063.5,24002.0,61.5,24013.5,down,auction,24040.5,24047.5,7.0,11773.0
2025-09-15,06:30,13:00,24265.5,24172.0,93.5,24218.75,117435.0,356861.0,0.329077708127254,24315.75,24172.0,24310.5,False,none,high,,,25.0,0.26737967914438504,10,24224.75,24172.0,52.75,24214.5,up,auction,24177.75,24190.0,12.25,4094.0
2025-09-16,06:30,13:00,24355.75,24278.75,77.0,24317.25,59288.0,153064.0,0.3873412428787958,24355.75,24257.5,24285.75,False,failed_low,low,,24322.75,44.0,0.5714285714285714,10,24355.75,24311.25,44.5,24313.75,down,auction,24344.25,24342.0,-2.25,2027.0
2025-09-17,06:30,13:00,24540.75,24436.25,104.5,24488.5,223056.0,1116581.0,0.19976696719718498,24550.75,24241.75,24482.5,True,failed_both,low,24447.0,24550.75,114.5,1.0956937799043063,10,24540.75,24478.25,62.5,24481.75,down,auction,24521.0,24532.0,11.0,7841.0
2025-09-18,06:30,13:00,24790.0,24598.75,191.25,24694.375,310382.0,899570.0,0.34503373834165213,24815.75,24598.75,24697.25,False,failed_high,high,24696.75,,93.25,0.4875816993464052,10,24713.5,24654.0,59.5,24668.25,down,auction,24679.25,24656.0,-23.25,9522.0
2025-09-19,06:30,13:00,24816.0,24737.25,78.75,24776.625,264308.0,833805.0,0.31699018355610725,24888.0,24708.0,24859.75,True,failed_low,low,,24888.0,150.75,1.9142857142857144,10,24783.75,24737.25,46.5,24753.0,down,auction,24768.0,24769.25,1.25,7446.0
2025-09-22,06:30,13:00,24905.75,24814.25,91.5,24860.0,228268.0,772810.0,0.2953740246632419,25027.25,24814.25,24997.25,False,none,high,,,8.25,0.09016393442622951,10,24858.25,24814.25,44.0,24834.75,up,auction,24815.25,24828.5,13.25,7731.0
2025-09-23,06:30,13:00,25009.75,24929.5,80.25,24969.625,254828.0,1039404.0,0.2451674228692597,25009.75,24779.25,24830.0,False,none,low,,,25.5,0.3177570093457944,10,25009.75,24969.25,40.5,24979.25,down,auction,25001.0,24995.0,-6.0,6833.0
2025-09-24,06:30,13:00,24899.25,24785.0,114.25,24842.125,268013.0,1039670.0,0.25778660536516396,24899.25,24628.0,24738.25,False,none,low,,,24.75,0.21663019693654267,10,24899.25,24823.5,75.75,24836.25,down,auction,24885.0,24869.25,-15.75,11384.0
2025-09-25,06:30,13:00,24641.75,24422.0,219.75,24531.875,422139.0,1422427.0,0.2967737535915727,24697.0,24422.0,24625.75,False,failed_high,high,24453.5,,188.25,0.856655290102389,10,24578.75,24472.75,106.0,24475.25,down,drive,24576.5,24542.0,-34.5,12581.0
2025-09-26,06:30,13:00,24733.25,24520.0,213.25,24626.625,407318.0,1169302.0,0.3483428575338108,24737.5,24520.0,24725.25,True,failed_high,high,24699.5,,33.75,0.15826494724501758,10,24706.0,24596.75,109.25,24693.25,up,auction,24654.25,24607.0,-47.25,13211.0
2025-09-29,06:30,13:00,24975.0,24848.25,126.75,24911.625,276977.0,971677.0,0.28505048488335116,24975.0,24780.5,24838.5,False,none,low,,,21.75,0.17159763313609466,10,24892.75,24848.25,44.5,24872.75,up,auction,24851.25,24855.25,4.0,9333.0
2025-09-30,06:30,13:00,24830.75,24722.5,108.25,24776.625,319110.0,1145209.0,0.278647827601774,24913.75,24722.5,24897.75,True,none,high,,,99.5,0.9191685912240185,10,24830.75,24741.25,89.5,24752.5,down,auction,24820.5,24807.25,-13.25,9668.0
2025-10-01,06:30,13:00,24893.0,24726.0,167.0,24809.5,317442.0,913838.0,0.3473722913689297,25037.0,24726.0,25011.75,False,none,high,,,18.25,0.1092814371257485,10,24841.5,24743.5,98.0,24828.0,up,auction,24763.5,24746.75,-16.75,12363.0
2025-10-02,06:30,13:00,25169.0,25014.25,154.75,25091.625,356274.0,998028.0,0.3569779605381813,25169.0,24993.75,25107.75,False,failed_low,low,,25126.75,112.5,0.7269789983844911,10,25169.0,25076.0,93.0,25080.75,down,auction,25164.75,25142.0,-22.75,10584.0
2025-10-03,06:30,13:00,25171.0,25051.0,120.0,25111.0,296805.0,1128932.0,0.2629077747818292,25171.0,24923.0,24993.75,False,none,low,,,43.25,0.36041666666666666,10,25164.25,25120.0,44.25,25159.25,up,auction,25133.5,25127.5,-6.0,9569.0
2025-10-06,06:30,13:00,25221.75,25117.0,104.75,25169.375,273430.0,782670.0,0.3493554116038688,25253.0,25110.25,25183.5,True,failed_both,low,25180.25,25253.0,136.0,1.298329355608592,10,25221.75,25148.0,73.75,25163.75,down,auction,25214.25,25197.75,-16.5,11377.0
2025-10-07,06:30,13:00,25265.5,25207.5,58.0,25236.5,244838.0,1187470.0,0.20618457729458428,25265.5,24985.25,25044.5,False,none,low,,,16.0,0.27586206896551724,10,25263.0,25217.0,46.0,25245.25,up,auction,25237.25,25230.25,-7.0,9557.0
2025-10-08,06:30,13:00,25231.0,25073.25,157.75,25152.125,279588.0,842523.0,0.33184613357736226,25343.75,25073.25,25328.75,False,none,high,,,9.25,0.058637083993660855,10,25149.0,25073.25,75.75,25148.5,up,auction,25080.25,25092.25,12.0,7891.0
2025-10-09,06:30,13:00,25334.75,25245.25,89.5,25290.0,303471.0,1100441.0,0.2757721677036752,25334.75,25160.75,25295.25,False,failed_low,low,,25295.5,50.25,0.5614525139664804,10,25334.75,25290.0,44.75,25300.25,down,auction,25329.0,25320.5,-8.5,10719.0
2025-10-10,06:30,13:00,25388.0,25293.75,94.25,25340.875,287032.0,2050243.0,0.1399990147509344,25388.0,24384.25,24408.5,False,none,low,,,30.75,0.32625994694960214,10,25376.75,25293.75,83.0,25371.75,up,auction,25314.0,25315.0,1.0,9800.0
2025-10-13,06:30,13:00,24913.75,24724.5,189.25,24819.125,417795.0,1223387.0,0.34150681673092814,24965.0,24724.5,24920.75,False,none,high,,,47.25,0.24966974900924702,10,24842.75,24724.5,118.25,24759.0,down,auction,24824.75,24821.0,-3.75,12246.0
2025-10-14,06:30,13:00,24725.0,24423.25,301.75,24574.125,452015.0,1473478.0,0.306767389808331,24947.25,24423.25,24755.5,False,none,high,,,54.5,0.18061309030654515,10,24642.0,24470.0,172.0,24509.5,down,auction,24638.5,24605.5,-33.0,11968.0
2025-10-15,06:30,13:00,25117.75,24897.0,220.75,25007.375,385606.0,1628040.0,0.2368529028770792,25117.75,24663.5,24926.25,True,failed_low,low,,24993.5,96.5,0.43714609286523215,10,25004.25,24927.0,77.25,24934.0,down,auction,25002.25,24975.25,-27.0,11476.0
2025-10-16,06:30,13:00,25125.5,25013.5,112.0,25069.5,440933.0,2071706.0,0.2128357015908628,25179.75,24643.25,24832.0,True,failed_high,high,24643.25,,482.25,4.305803571428571,10,25106.0,25041.0,65.0,25060.25,up,auction,25045.0,25070.75,25.75,9760.0
2025-10-17,06:30,13:00,24960.75,24672.25,288.5,24816.5,470593.0,1593874.0,0.2952510675247855,25054.25,24672.25,24987.75,True,none,high,,,132.0,0.45753899480069327,10,24817.75,24699.75,118.0,24736.0,down,auction,24737.0,24704.75,-32.25,12884.0
2025-10-20,06:30,13:00,25283.5,25114.75,168.75,25199.125,283486.0,853856.0,0.33200680208372374,25355.0,25114.75,25301.0,False,none,high,,,18.5,0.10962962962962963,10,25224.75,25114.75,110.0,25209.25,up,auction,25118.0,25173.25,55.25,12940.0
2025-10-21,06:30,13:00,25304.5,25204.75,99.75,25254.625,334187.0,1015318.0,0.32914515452301646,25347.5,25203.0,25291.25,True,failed_both,low,25250.0,25347.5,142.75,1.431077694235589,10,25304.5,25256.0,48.5,25278.25,down,auction,25300.5,25287.0,-13.5,8060.0
2025-10-22,06:30,13:00,25289.5,25116.5,173.0,25203.0,350378.0,1716057.0,0.2041762016063569,25289.5,24805.25,25039.5,False,none,low,,,75.25,0.434971098265896,10,25271.5,25172.75,98.75,25225.75,down,auction,25265.25,25216.0,-49.25,11525.0
2025-10-23,06:30,13:00,25179.75,24998.75,181.0,25089.25,360706.0,1094380.0,0.32959849412452713,25288.25,24998.75,25252.5,False,none,high,,,60.25,0.3328729281767956,10,25077.5,24998.75,78.75,25068.25,up,auction,25016.25,25024.75,8.5,8702.0
2025-10-24,06:30,13:00,25550.5,25430.0,120.5,25490.25,290448.0,881328.0,0.3295572136593867,25569.0,25430.0,25508.25,True,failed_high,high,25497.5,,53.0,0.43983402489626555,10,25530.75,25430.0,100.75,25506.25,up,auction,25466.5,25437.75,-28.75,10836.0
2025-10-27,06:30,13:00,25876.75,25796.25,80.5,25836.5,228951.0,642134.0,0.3565470758439827,25981.5,25796.25,25961.0,False,none,high,,,26.75,0.33229813664596275,10,25859.75,25796.25,63.5,25839.0,up,auction,25815.75,25847.25,31.5,10911.0
2025-10-28,06:30,13:00,26094.0,26029.0,65.0,26061.5,217409.0,856202.0,0.25392255565859456,26232.0,26006.0,26160.25,True,failed_low,low,,26232.0,203.0,3.123076923076923,10,26094.0,26041.75,52.25,26061.0,up,auction,26051.5,26069.75,18.25,10075.0
2025-10-29,06:30,13:00,26326.5,26254.25,72.25,26290.375,241964.0,1211416.0,0.19973650669959783,26326.5,26047.5,26283.0,False,failed_low,low,,26290.0,35.75,0.49480968858131485,10,26292.5,26254.25,38.25,26273.0,up,auction,26266.0,26268.75,2.75,10217.0
2025-10-30,06:30,13:00,26179.5,25941.5,238.0,26060.5,437846.0,1323883.0,0.3307286217890856,26179.5,25868.25,25870.0,False,none,low,,,20.0,0.08403361344537816,10,26127.5,25949.5,178.0,25961.25,down,auction,26125.75,26087.25,-38.5,12870.0
2025-10-31,06:30,13:00,26199.5,26057.0,142.5,26128.25,332781.0,1378801.0,0.2413553514974242,26199.5,25887.75,25995.5,False,none,low,,,61.25,0.4298245614035088,10,26199.5,26139.0,60.5,26145.0,down,auction,26199.25,26179.0,-20.25,9221.0
2025-11-03,06:30,13:00,26265.75,26034.0,231.75,26149.875,319065.0,988200.0,0.3228749241044323,26265.75,26012.75,26108.5,False,failed_low,low,,26166.0,132.0,0.56957928802589,10,26265.75,26174.5,91.25,26176.0,down,drive,26235.75,26248.75,13.0,8956.0
2025-11-04,06:30,13:00,25893.75,25663.0,230.75,25778.375,340442.0,1311118.0,0.25965778823873975,25893.75,25545.0,25577.0,True,none,low,,,70.5,0.3055254604550379,10,25757.0,25663.0,94.0,25688.75,down,auction,25741.5,25731.0,-10.5,10198.0
2025-11-05,06:30,13:00,25718.0,25487.75,230.25,25602.875,376466.0,989655.0,0.3804012509409845,25878.5,25487.75,25743.5,False,none,high,,,59.75,0.25950054288816504,10,25577.25,25487.75,89.5,25554.75,up,auction,25542.25,25569.0,26.75,10017.0
2025-11-06,06:30,13:00,25684.75,25404.25,280.5,25544.5,454234.0,1717482.0,0.2644767164954276,25684.75,25197.25,25258.25,False,none,low,,,35.0,0.12477718360071301,10,25684.75,25619.5,65.25,25645.0,down,auction,25673.75,25652.25,-21.5,10348.0
2025-11-07,06:30,13:00,25111.5,24881.75,229.75,24996.625,475228.0,1765144.0,0.2692290260737934,25173.0,24709.0,25162.25,True,failed_low,low,,25173.0,291.25,1.2676822633297062,10,25111.5,24918.5,193.0,24925.5,down,drive,25110.25,25046.25,-64.0,13654.0
2025-11-10,06:30,13:00,25666.5,25524.0,142.5,25595.25,307671.0,1227884.0,0.25057008642510203,25760.0,25452.25,25713.25,True,failed_low,low,,25760.0,236.0,1.656140350877193,10,25617.5,25524.0,93.5,25611.5,up,auction,25539.0,25564.0,25.0,12377.0
2025-11-11,06:30,13:00,25646.0,25533.0,113.0,25589.5,324499.0,1105025.0,0.2936576095563449,25695.75,25478.5,25647.25,True,failed_low,low,,25695.75,162.75,1.4402654867256637,10,25646.0,25595.5,50.5,25619.75,up,auction,25605.25,25620.0,14.75,8938.0
2025-11-12,06:30,13:00,25780.5,25561.5,219.0,25671.0,378715.0,1358872.0,0.2786980672204593,25780.5,25488.75,25625.25,False,failed_low,low,,25651.5,90.0,0.410958904109589,10,25780.5,25669.75,110.75,25682.75,down,auction,25778.5,25735.75,-42.75,10665.0
2025-11-13,06:30,13:00,25501.5,25280.75,220.75,25391.125,466300.0,1927503.0,0.24191920842665354,25501.5,25002.0,25099.75,False,none,low,,,16.75,0.07587768969422423,10,25501.5,25353.5,148.0,25360.5,down,drive,25477.25,25458.0,-19.25,9899.0
2025-11-14,06:30,13:00,25028.25,24626.0,402.25,24827.125,549558.0,1800036.0,0.30530389392212154,25293.5,24626.0,25105.0,False,none,high,,,29.5,0.07333747669359851,10,24818.5,24626.0,192.5,24800.5,up,auction,24722.75,24698.0,-24.75,14047.0
2025-11-17,06:30,13:00,25254.75,24955.25,299.5,25105.0,471807.0,1870810.0,0.2521939694570801,25254.75,24732.0,24886.75,False,none,low,,,245.75,0.820534223706177,10,25178.0,24955.25,222.75,25171.0,up,auction,24997.75,24968.25,-29.5,12692.0
2025-11-18,06:30,13:00,24832.0,24430.0,402.0,24631.0,621530.0,2166536.0,0.28687730090799324,24832.0,24380.0,24584.5,True,failed_low,low,,24810.25,380.25,0.9458955223880597,10,24832.0,24664.5,167.5,24738.0,up,auction,24718.25,24737.25,19.0,12754.0
2025-11-19,06:30,13:00,24988.0,24572.75,415.25,24780.375,463411.0,2065610.0,0.22434583488654683,24988.0,24508.0,24725.75,True,failed_low,low,,24830.25,257.5,0.6201083684527393,10,24693.75,24572.75,121.0,24677.75,up,auction,24610.75,24603.5,-7.25,14259.0
2025-11-20,06:30,13:00,25300.25,25145.0,155.25,25222.625,457406.0,2518084.0,0.18164842793171315,25310.0,24099.5,24135.25,True,failed_high,high,24099.5,,1200.75,7.734299516908212,10,25242.25,25151.5,90.75,25209.25,flat,auction,25209.25,25180.5,-28.75,15932.0
2025-11-21,06:30,13:00,24298.25,24027.0,271.25,24162.625,511250.0,1966096.0,0.2600330807854754,24596.5,23927.25,24313.0,True,failed_low,low,,24596.5,569.5,2.0995391705069126,10,24280.0,24158.25,121.75,24176.5,down,auction,24203.75,24246.25,42.5,14252.0
2025-11-24,06:30,13:00,24769.5,24513.5,256.0,24641.5,488581.0,1243699.0,0.392845053344901,24993.25,24513.5,24935.5,False,none,high,,,23.0,0.08984375,10,24722.25,24513.5,208.75,24654.25,up,auction,24522.25,24544.75,22.5,10706.0
2025-11-25,06:30,13:00,24882.0,24602.0,280.0,24742.0,595544.0,1576459.0,0.37777322467631574,25135.75,24602.0,25079.25,False,none,high,,,55.5,0.1982142857142857,10,24882.0,24817.5,64.5,24837.0,down,auction,24856.75,24829.0,-27.75,14869.0
2025-11-26,06:30,13:00,25281.5,25134.75,146.75,25208.125,412049.0,1205756.0,0.34173497788939056,25375.5,25134.75,25296.0,False,none,high,,,18.0,0.12265758091993186,10,25271.0,25189.25,81.75,25224.5,up,auction,25222.0,25243.0,21.0,10990.0
2025-11-27,06:30,13:00,25318.0,25287.0,31.0,25302.5,25255.0,52932.0,0.47712158996448273,25318.0,25285.75,25299.75,False,failed_low,low,,25304.5,17.5,0.5645161290322581,10,25318.0,25292.75,25.25,25295.25,down,auction,25301.5,25310.5,9.0,814.0
2025-11-28,06:30,13:00,25421.5,25329.5,92.0,25375.5,93177.0,305722.0,0.30477688880747866,25500.25,25329.5,25484.75,False,none,high,,,54.0,0.5869565217391305,10,25421.5,25352.5,69.0,25377.0,up,auction,25359.5,25368.75,9.25,1663.0
2025-12-01,06:30,13:00,25389.75,25209.0,180.75,25299.375,346477.0,1185960.0,0.2921489763567068,25495.75,25209.0,25401.75,False,none,high,,,67.25,0.37206085753803597,10,25319.75,25234.0,85.75,25260.0,up,auction,25254.75,25281.25,26.5,8212.0
2025-12-02,06:30,13:00,25654.25,25471.25,183.0,25562.75,357046.0,1411082.0,0.2530299443972781,25670.0,25413.75,25600.0,True,failed_both,high,25413.75,25646.75,240.5,1.314207650273224,10,25608.75,25471.25,137.5,25597.0,up,auction,25492.25,25477.75,-14.5,10053.0
2025-12-03,06:30,13:00,25574.25,25430.0,144.25,25502.125,364024.0,1089047.0,0.33425921929907526,25685.75,25430.0,25657.25,False,none,high,,,55.5,0.3847487001733102,10,25538.0,25451.5,86.5,25462.0,down,auction,25495.0,25480.25,-14.75,11856.0
2025-12-04,06:30,13:00,25713.25,25520.0,193.25,25616.625,368744.0,1235563.0,0.2984420867248372,25713.25,25487.0,25627.5,False,failed_low,low,,25654.25,134.25,0.6946959896507116,10,25713.25,25550.5,162.75,25617.0,down,auction,25711.75,25669.5,-42.25,12427.0
2025-12-05,06:30,13:00,25867.75,25660.5,207.25,25764.125,330574.0,1167931.0,0.2830424057585594,25867.75,25651.0,25726.0,True,failed_low,low,,25761.5,101.0,0.4873341375150784,10,25777.75,25676.5,101.25,25731.25,up,auction,25679.75,25732.5,52.75,15532.0
2025-12-08,06:30,13:00,25860.75,25656.75,204.0,25758.75,306123.0,1063516.0,0.287840521440204,25860.75,25563.75,25669.25,False,failed_low,low,,25696.5,39.75,0.1948529411764706,10,25860.75,25778.25,82.5,25803.75,up,auction,25791.5,25824.0,32.5,12703.0
2025-12-09,06:30,13:00,25670.0,25560.0,110.0,25615.0,276240.0,861753.0,0.3205558901448559,25738.5,25560.0,25702.0,False,none,high,,,34.5,0.31363636363636366,10,25646.75,25560.0,86.75,25640.25,up,auction,25618.75,25601.75,-17.0,11424.0
2025-12-10,06:30,13:00,25673.0,25567.0,106.0,25620.0,284730.0,1354823.0,0.21016029400150427,25869.75,25528.25,25802.75,True,failed_low,low,,25869.75,302.75,2.856132075471698,10,25663.25,25567.0,96.25,25622.0,down,auction,25647.25,25645.0,-2.25,11706.0
2025-12-11,06:30,13:00,25649.75,25390.25,259.5,25520.0,487248.0,1358883.0,0.3585650861773972,25723.0,25390.25,25714.5,False,none,high,,,19.75,0.07610789980732177,10,25649.75,25563.25,86.5,25585.75,down,auction,25643.0,25593.0,-50.0,14655.0
2025-12-12,06:30,13:00,25620.5,25315.0,305.5,25467.75,439695.0,1779016.0,0.24715629314182672,25620.5,25117.75,25215.5,False,none,low,,,86.5,0.28314238952536824,10,25620.5,25522.0,98.5,25609.0,up,auction,25559.75,25550.0,-9.75,11351.0
2025-12-15,06:30,13:00,25410.0,25034.5,375.5,25222.25,232948.0,675199.0,0.34500643513986246,25410.0,25034.5,25085.5,False,none,none,,,,,10,25410.0,25294.25,115.75,25296.0,down,drive,25408.0,25380.0,-28.0,6500.0
2025-12-16,06:30,13:00,25164.5,24936.5,228.0,25050.5,115302.0,329774.0,0.3496394500476084,25202.25,24926.25,25131.5,True,failed_both,low,25131.5,25202.25,265.75,1.1655701754385965,10,25106.5,24966.0,140.5,25064.25,up,auction,24989.25,25045.25,56.0,4538.0
2025-12-17,06:30,13:00,25449.25,25245.25,204.0,25347.25,360481.0,1376726.0,0.2618393202423721,25449.25,24887.75,24892.0,False,none,low,,,20.0,0.09803921568627451,10,25449.25,25330.0,119.25,25336.5,down,auction,25422.25,25420.25,-2.0,11003.0
2025-12-18,06:30,13:00,25338.0,25160.75,177.25,25249.375,399905.0,1412349.0,0.2831488534349513,25417.0,25160.75,25252.0,False,failed_high,high,25184.75,,153.25,0.8645980253878702,10,25329.5,25188.25,141.25,25214.0,down,auction,25279.0,25306.5,27.5,13591.0
2025-12-19,06:30,13:00,25601.0,25356.25,244.75,25478.625,364081.0,939054.0,0.38771039791108924,25601.0,25356.25,25581.25,False,none,none,,,,,10,25465.0,25356.25,108.75,25453.5,up,auction,25361.75,25391.75,30.0,12839.0
2025-12-22,06:30,13:00,25795.0,25671.0,124.0,25733.0,307919.0,772645.0,0.3985258430456419,25795.0,25629.5,25688.25,False,failed_low,low,,25731.25,60.25,0.48588709677419356,10,25795.0,25677.75,117.25,25700.5,down,auction,25780.75,25761.75,-19.0,9505.0
2025-12-23,06:30,13:00,25751.25,25627.25,124.0,25689.25,280102.0,636445.0,0.44010401527233306,25820.25,25627.25,25811.25,False,none,high,,,19.75,0.1592741935483871,10,25737.5,25638.0,99.5,25715.5,up,auction,25644.25,25719.0,74.75,14061.0
2025-12-24,06:30,13:00,25841.0,25781.75,59.25,25811.375,133630.0,291775.0,0.45798988946962554,25892.25,25781.75,25861.75,False,none,high,,,5.5,0.09282700421940929,10,25827.5,25781.75,45.75,25791.5,down,auction,25795.75,25804.0,8.25,8771.0
2025-12-26,06:30,13:00,25935.0,25834.25,100.75,25884.625,195410.0,497698.0,0.39262765773621755,25935.0,25834.25,25866.75,False,none,none,,,,,10,25928.0,25864.5,63.5,25917.75,up,auction,25899.25,25876.0,-23.25,8964.0
2025-12-29,06:30,13:00,25818.75,25661.5,157.25,25740.125,283927.0,785116.0,0.36163700650604497,25818.75,25647.75,25741.25,False,failed_low,low,,25774.5,113.0,0.7186009538950715,10,25818.75,25664.25,154.5,25797.25,up,auction,25707.0,25691.5,-15.5,10194.0
2025-12-30,06:30,13:00,25774.75,25673.5,101.25,25724.125,240190.0,667936.0,0.35960032098883726,25794.0,25668.25,25678.0,True,failed_both,high,25668.25,25687.25,106.5,1.0518518518518518,10,25733.0,25685.5,47.5,25692.5,flat,auction,25692.5,25717.5,25.0,9380.0
2025-12-31,06:30,13:00,25692.25,25568.25,124.0,25630.25,223336.0,739811.0,0.30188250782970244,25692.25,25444.5,25455.0,False,none,low,,,66.5,0.5362903225806451,10,25692.25,25612.0,80.25,25631.0,down,auction,25679.0,25680.0,1.0,7331.0
2026-01-02,06:30,13:00,25803.5,25457.25,346.25,25630.375,418393.0,1365551.0,0.3063913394666329,25803.5,25265.25,25385.25,False,none,low,,,36.5,0.10541516245487365,10,25733.5,25650.25,83.25,25651.5,down,auction,25686.75,25721.5,34.75,12407.0
2026-01-05,06:30,13:00,25684.0,25538.5,145.5,25611.25,380096.0,976013.0,0.3894374357718596,25708.0,25538.5,25587.0,True,failed_high,high,25548.5,,135.5,0.9312714776632303,10,25673.25,25550.5,122.75,25567.75,down,auction,25643.0,25657.5,14.5,13730.0
2026-01-06,06:30,13:00,25778.75,25608.75,170.0,25693.75,356379.0,1047451.0,0.3402345312573094,25837.75,25608.75,25813.25,False,none,high,,,33.5,0.19705882352941176,10,25679.0,25627.0,52.0,25640.75,up,auction,25636.0,25670.0,34.0,14917.0
2026-01-07,06:30,13:00,25880.0,25770.75,109.25,25825.375,317686.0,1091232.0,0.29112599337262834,25998.0,25770.75,25834.75,False,failed_high,high,25809.0,,71.0,0.6498855835240275,10,25836.0,25770.75,65.25,25835.25,up,auction,25790.5,25777.25,-13.25,12769.0
2026-01-08,06:30,13:00,25802.75,25569.5,233.25,25686.125,447249.0,1249562.0,0.35792461678572174,25802.75,25569.5,25682.75,False,none,none,,,,,10,25802.75,25676.5,126.25,25679.0,down,drive,25786.25,25757.5,-28.75,14759.0
2026-01-09,06:30,13:00,25860.75,25615.75,245.0,25738.25,496727.0,1225230.0,0.4054153097785722,25986.0,25615.75,25933.0,False,none,high,,,99.75,0.40714285714285714,10,25791.0,25648.25,142.75,25755.75,up,auction,25714.5,25682.75,-31.75,15876.0
2026-01-12,06:30,13:00,25933.25,25743.75,189.5,25838.5,322263.0,877801.0,0.36712535073439195,26020.5,25743.75,25952.0,False,none,high,,,12.5,0.06596306068601583,10,25889.5,25743.75,145.75,25882.75,up,auction,25745.75,25792.5,46.75,15493.0
2026-01-13,06:30,13:00,26043.0,25811.75,231.25,25927.375,445305.0,1410008.0,0.31581735706464076,26043.0,25803.25,25904.0,True,failed_low,low,,26026.0,214.25,0.9264864864864865,10,26011.25,25930.75,80.5,26009.0,up,auction,25950.25,25972.25,22.0,15362.0
2026-01-14,06:30,13:00,25791.25,25533.0,258.25,25662.125,535285.0,1747232.0,0.30636171956557573,25791.25,25421.25,25636.75,False,failed_low,low,,25644.0,111.0,0.4298160696999032,10,25791.25,25668.0,123.25,25696.25,down,auction,25740.0,25732.25,-7.75,11375.0
2026-01-15,06:30,13:00,25954.25,25837.25,117.0,25895.75,416083.0,1347554.0,0.30876907344714943,25954.25,25680.75,25719.0,False,none,low,,,102.5,0.8760683760683761,10,25946.75,25853.0,93.75,25885.5,down,auction,25925.0,25903.5,-21.5,14873.0
