session_date,rth_start,rth_end,ib_high,ib_low,ib_range,midpoint,ib_volume,total_volume,relative_ib_volume,rth_high,rth_low,rth_close,rotation,failed_auction,breakside,breakside_rotation_up,breakside_rotation_down,breakside_retracement_points,breakside_retracement_normib,opening_window_minutes,opening_range_high,opening_range_low,opening_range,opening_range_close,opening_direction,opening_type,opening_bar_open,opening_bar_close,opening_bar_open_close,opening_bar_volume
2025-01-15,06:30,13:00,21408.5,21186.5,222.0,21297.5,356630.0,1098114.0,0.32476591683559264,21452.75,21186.5,21398.75,False,failed_high,high,21388.0,,20.5,0.09234234234234234,10,21285.0,21186.5,98.5,21251.75,down,auction,21252.25,21237.0,-15.25,10768.0
2025-01-16,06:30,13:00,21498.0,21336.0,162.0,21417.0,377998.0,1179326.0,0.32052036502205494,21498.0,21229.5,21238.25,False,none,low,,,91.0,0.5617283950617284,10,21498.0,21405.75,92.25,21446.5,down,auction,21495.0,21464.5,-30.5,8145.0
2025-01-17,06:30,13:00,21653.5,21481.0,172.5,21567.25,421324.0,1072792.0,0.3927359637282903,21672.5,21481.0,21587.0,False,failed_high,high,21580.0,,73.5,0.4260869565217391,10,21653.5,21512.5,141.0,21524.5,down,auction,21651.0,21599.25,-51.75,16553.0
2025-01-20,06:30,13:00,21780.0,21676.75,103.25,21728.375,122552.0,284048.0,0.4314482059370247,21780.0,21623.0,21680.5,False,failed_low,low,,21730.75,54.0,0.5230024213075061,10,21755.0,21713.25,41.75,21741.0,up,auction,21723.5,21724.5,1.0,2503.0
2025-01-21,06:30,13:00,21718.5,21525.5,193.0,21622.0,388090.0,991376.0,0.3914660028082181,21772.0,21525.5,21752.75,False,none,high,,,21.25,0.11010362694300518,10,21718.5,21629.75,88.75,21635.75,down,auction,21710.0,21707.0,-3.0,8908.0
2025-01-22,06:30,13:00,22037.0,21902.5,134.5,21969.75,318763.0,892738.0,0.3570622063808195,22094.0,21902.5,22000.0,False,failed_high,high,21981.75,,55.25,0.4107806691449814,10,21982.0,21902.5,79.5,21957.5,up,auction,21915.0,21913.75,-1.25,7735.0
2025-01-23,06:30,13:00,21918.25,21866.0,52.25,21892.125,237568.0,872798.0,0.2721912744987958,22048.5,21866.0,22043.25,False,none,high,,,23.5,0.44976076555023925,10,21910.75,21866.0,44.75,21909.25,up,auction,21889.0,21868.0,-21.0,8176.0
2025-01-24,06:30,13:00,22078.0,21987.5,90.5,22032.75,295095.0,957032.0,0.3083439216243553,22078.0,21843.25,21908.75,False,none,low,,,48.25,0.5331491712707183,10,22052.75,22000.0,52.75,22022.75,down,auction,22044.25,22037.25,-7.0,7776.0
2025-01-27,06:30,13:00,21379.75,21108.25,271.5,21244.0,455667.0,1503487.0,0.3030734552410496,21418.0,21096.75,21258.0,True,failed_both,high,21096.75,21267.25,283.0,1.0423572744014733,10,21291.5,21108.25,183.25,21283.5,up,auction,21123.75,21171.75,48.0,17939.0
2025-01-28,06:30,13:00,21481.25,21160.75,320.5,21321.0,424788.0,1295019.0,0.32801680901979047,21626.0,21160.75,21572.5,False,none,high,,,10.75,0.033541341653666144,10,21319.75,21204.25,115.5,21218.75,down,auction,21302.0,21306.5,4.5,9898.0
2025-01-29,06:30,13:00,21606.25,21480.5,125.75,21543.375,326000.0,1385330.0,0.23532299163376236,21606.25,21368.0,21479.0,False,none,low,,,120.5,0.9582504970178927,10,21606.25,21526.25,80.0,21545.0,down,auction,21600.0,21583.5,-16.5,6184.0
2025-01-30,06:30,13:00,21748.75,21509.25,239.5,21629.0,429523.0,1355904.0,0.3167798015198716,21748.75,21419.0,21648.25,False,failed_low,low,,21700.0,190.75,0.7964509394572025,10,21668.75,21597.25,71.5,21652.25,up,auction,21650.0,21635.75,-14.25,8116.0
2025-01-31,06:30,13:00,21921.5,21764.0,157.5,21842.75,296718.0,1426759.0,0.20796644703134867,21965.75,21536.25,21586.0,True,failed_high,high,21536.25,,385.25,2.4460317460317462,10,21838.25,21764.0,74.25,21799.0,up,auction,21774.25,21791.0,16.75,6364.0
2025-02-03,06:30,13:00,21363.5,21113.25,250.25,21238.375,473977.0,1493259.0,0.3174111122049156,21520.0,21113.25,21394.25,False,none,high,,,42.25,0.16883116883116883,10,21314.75,21177.75,137.0,21307.25,up,auction,21215.75,21206.0,-9.75,10068.0
2025-02-04,06:30,13:00,21663.5,21405.0,258.5,21534.25,302877.0,884006.0,0.34261871525758875,21694.75,21405.0,21675.0,False,none,high,,,113.25,0.4381044487427466,10,21523.5,21405.0,118.5,21507.0,up,auction,21421.75,21422.25,0.5,7188.0
2025-02-05,06:30,13:00,21609.0,21501.0,108.0,21555.0,323925.0,948566.0,0.341489153100575,21783.0,21501.0,21760.5,False,none,high,,,47.0,0.4351851851851852,10,21587.75,21519.0,68.75,21568.5,up,auction,21550.75,21545.25,-5.5,7443.0
2025-02-06,06:30,13:00,21849.5,21738.0,111.5,21793.75,292319.0,909542.0,0.32139142557462985,21882.0,21711.75,21848.5,True,failed_both,low,21837.25,21882.0,144.0,1.2914798206278026,10,21781.0,21738.0,43.0,21763.75,down,auction,21776.75,21757.5,-19.25,7728.0
2025-02-07,06:30,13:00,21967.75,21685.0,282.75,21826.375,401672.0,1273364.0,0.3154416176364339,21967.75,21553.0,21599.75,False,none,low,,,118.75,0.41998231653404067,10,21967.75,21869.5,98.25,21946.5,up,auction,21885.5,21898.25,12.75,8725.0
2025-02-10,06:30,13:00,21873.5,21742.25,131.25,21807.875,254063.0,697589.0,0.36420155707730484,21893.75,21742.25,21833.25,False,failed_high,high,21817.25,,56.25,0.42857142857142855,10,21787.0,21742.25,44.75,21776.25,up,auction,21764.5,21756.5,-8.0,6845.0
2025-02-11,06:30,13:00,21845.25,21700.25,145.0,21772.75,243970.0,816844.0,0.29867392060173054,21871.25,21700.25,21784.5,False,failed_high,high,21715.75,,129.5,0.8931034482758621,10,21797.0,21700.25,96.75,21781.5,up,auction,21706.25,21730.75,24.5,8238.0
2025-02-12,06:30,13:00,21739.0,21535.75,203.25,21637.375,358765.0,987664.0,0.3632460026891736,21839.0,21535.75,21810.5,False,none,high,,,92.5,0.45510455104551045,10,21626.5,21535.75,90.75,21613.25,up,auction,21551.0,21548.0,-3.0,8752.0
2025-02-13,06:30,13:00,21996.5,21835.0,161.5,21915.75,372120.0,1050199.0,0.35433284548928345,22123.75,21835.0,22094.75,False,none,high,,,106.0,0.6563467492260062,10,21951.0,21835.0,116.0,21854.75,down,auction,21869.25,21880.0,10.75,5364.0
2025-02-14,06:30,13:00,22160.0,22088.0,72.0,22124.0,256170.0,842098.0,0.30420449876380184,22224.0,22088.0,22185.5,False,none,high,,,68.25,0.9479166666666666,10,22138.0,22088.0,50.0,22103.25,down,auction,22108.5,22122.75,14.25,6996.0
2025-02-17,06:30,13:00,22242.0,22192.0,50.0,22217.0,66131.0,131035.0,0.5046819552028085,22252.25,22192.0,22235.25,False,failed_high,high,22222.25,,19.75,0.395,10,22242.0,22196.75,45.25,22206.75,down,auction,22241.0,22227.75,-13.25,2847.0
2025-02-18,06:30,13:00,22268.0,22130.25,137.75,22199.125,320766.0,879489.0,0.36471860364370673,22268.0,22103.0,22239.0,False,failed_low,low,,22249.0,118.75,0.8620689655172413,10,22268.0,22223.0,45.0,22244.75,down,auction,22257.75,22253.0,-4.75,9916.0
2025-02-19,06:30,13:00,22221.5,22118.0,103.5,22169.75,255883.0,862798.0,0.29657347374472354,22299.75,22118.0,22225.25,False,none,high,,,30.5,0.2946859903381642,10,22221.5,22172.75,48.75,22187.0,down,auction,22207.5,22194.0,-13.5,6052.0
2025-02-20,06:30,13:00,22227.0,21950.75,276.25,22088.875,401460.0,1058954.0,0.3791099518959275,22227.0,21950.75,22134.5,False,none,none,,,,,10,22227.0,22171.5,55.5,22199.0,down,auction,22210.0,22211.5,1.5,4970.0
2025-02-21,06:30,13:00,22188.0,21992.25,195.75,22090.125,360084.0,1369944.0,0.26284578055745345,22188.0,21662.0,21693.0,False,none,low,,,37.25,0.19029374201787994,10,22188.0,22108.25,79.75,22120.5,down,auction,22186.5,22160.0,-26.5,10227.0
2025-02-24,06:30,13:00,21801.75,21436.75,365.0,21619.25,454706.0,1353700.0,0.33589864814951614,21801.75,21408.5,21421.25,False,none,low,,,13.5,0.036986301369863014,10,21801.75,21697.75,104.0,21702.25,down,auction,21753.0,21748.0,-5.0,8169.0
2025-02-25,06:30,13:00,21397.5,21028.0,369.5,21212.75,542508.0,1649848.0,0.3288230188477969,21397.5,20990.5,21164.5,False,failed_low,low,,21281.75,253.75,0.6867388362652233,10,21397.5,21324.75,72.75,21376.5,down,auction,21391.5,21372.25,-19.25,8025.0
2025-02-26,06:30,13:00,21372.0,21188.5,183.5,21280.25,423932.0,1389435.0,0.30511107032714735,21409.75,21064.75,21215.0,True,failed_both,high,21064.75,21231.75,307.25,1.6743869209809263,10,21274.25,21188.5,85.75,21265.0,up,auction,21237.75,21194.25,-43.5,12088.0
2025-02-27,06:30,13:00,21381.0,20896.5,484.5,21138.75,616925.0,1976512.0,0.3121281327915034,21381.0,20584.25,20590.0,False,none,low,,,23.0,0.047471620227038186,10,21381.0,21301.5,79.5,21308.0,down,auction,21340.5,21352.25,11.75,7526.0
2025-02-28,06:30,13:00,20760.0,20460.25,299.75,20610.125,507483.0,1832404.0,0.27694929720738437,20944.25,20460.25,20918.75,False,none,high,,,276.25,0.9216013344453712,10,20608.25,20460.25,148.0,20578.75,down,auction,20590.75,20552.0,-38.75,12048.0
2025-03-03,06:30,13:00,21120.75,20759.75,361.0,20940.25,531062.0,1899065.0,0.27964393003925614,21120.75,20317.5,20492.5,False,none,low,,,60.0,0.16620498614958448,10,21120.75,20967.75,153.0,20982.75,down,auction,21055.75,21027.75,-28.0,9865.0
2025-03-04,06:30,13:00,20430.0,20075.75,354.25,20252.875,569426.0,1864254.0,0.3054444297826369,20733.0,20075.75,20429.0,False,failed_high,high,20312.0,,118.0,0.3330980945659845,10,20430.0,20258.5,171.5,20357.25,up,auction,20342.5,20332.75,-9.75,10280.0
2025-03-05,06:30,13:00,20496.75,20270.25,226.5,20383.5,505239.0,1774451.0,0.2847297558512464,20725.5,20215.0,20660.0,True,failed_low,low,,20725.5,455.25,2.0099337748344372,10,20446.25,20313.0,133.25,20376.5,down,auction,20421.25,20435.0,13.75,8385.0
2025-03-06,06:30,13:00,20483.5,20228.25,255.25,20355.875,484655.0,1834788.0,0.264147683547091,20513.25,20002.75,20097.75,True,failed_high,high,20002.75,,480.75,1.8834476003917728,10,20319.75,20228.25,91.5,20299.75,down,auction,20310.75,20280.5,-30.25,13900.0
2025-03-07,06:30,13:00,20242.25,20024.25,218.0,20133.25,469087.0,2114739.0,0.22181791701008965,20286.75,19766.0,20209.0,True,failed_both,low,20099.0,20286.75,262.5,1.2041284403669725,10,20126.5,20024.25,102.25,20091.25,up,auction,20037.5,20065.25,27.75,9957.0
2025-03-10,06:30,13:00,19697.25,19520.0,177.25,19608.625,359393.0,1509727.0,0.23805164774823528,19702.75,19271.75,19472.0,True,failed_high,high,19271.75,,425.5,2.400564174894217,10,19697.25,19621.75,75.5,19655.75,down,auction,19668.25,19670.25,2.0,9515.0
2025-03-11,06:30,13:00,19508.5,19265.25,243.25,19386.875,474510.0,1676474.0,0.2830404766193809,19687.5,19201.0,19399.75,True,failed_both,high,19201.0,19687.5,307.5,1.264131551901336,10,19384.5,19269.0,115.5,19291.0,down,auction,19321.75,19361.0,39.25,14688.0
2025-03-12,06:30,13:00,19644.0,19395.0,249.0,19519.5,376612.0,1393992.0,0.27016797800848213,19727.75,19395.0,19571.0,False,failed_high,high,19531.25,,112.75,0.4528112449799197,10,19644.0,19530.5,113.5,19539.5,down,auction,19630.25,19617.0,-13.25,6445.0
2025-03-13,06:30,13:00,19531.5,19342.75,188.75,19437.125,338525.0,1470742.0,0.23017293311811318,19531.5,19165.5,19294.75,False,none,low,,,53.5,0.28344370860927154,10,19531.5,19429.0,102.5,19445.25,down,auction,19476.25,19513.75,37.5,11254.0
2025-03-14,06:30,13:00,19665.0,19467.25,197.75,19566.125,326834.0,1141637.0,0.2862853954453123,19742.75,19467.25,19666.75,False,none,high,,,61.0,0.3084702907711757,10,19551.75,19467.25,84.5,19547.75,up,auction,19475.25,19490.25,15.0,6438.0
2025-03-17,06:30,13:00,19759.5,19654.5,105.0,19707.0,159212.0,552059.0,0.28839671122108324,19959.25,19628.5,19830.5,True,failed_low,low,,19959.25,304.75,2.9023809523809523,10,19744.75,19676.0,68.75,19738.5,up,auction,19716.75,19702.0,-14.75,5857.0
2025-03-18,06:30,13:00,19530.0,19401.0,129.0,19465.5,76255.0,284306.0,0.26821452941548896,19579.25,19401.0,19496.75,False,failed_high,high,19444.0,,86.0,0.6666666666666666,10,19521.0,19466.75,54.25,19518.25,up,auction,19495.75,19497.25,1.5,1564.0
2025-03-19,06:30,13:00,19883.75,19788.75,95.0,19836.25,177844.0,997945.0,0.1782102220062228,20142.25,19765.5,19945.75,True,failed_low,high,,20142.25,118.25,1.2447368421052631,10,19866.0,19836.25,29.75,19851.0,up,auction,19847.5,19846.0,-1.5,4812.0
2025-03-20,06:30,13:00,20105.0,20008.75,96.25,20056.875,219325.0,1051450.0,0.20859289552522706,20105.0,19795.5,19894.25,False,none,low,,,47.0,0.4883116883116883,10,20085.5,20022.0,63.5,20060.75,up,auction,20054.5,20049.75,-4.75,4829.0
2025-03-21,06:30,13:00,19811.75,19694.5,117.25,19753.125,230798.0,976408.0,0.2363745483445445,19977.75,19675.0,19971.0,True,failed_low,low,,19977.75,283.25,2.4157782515991473,10,19760.75,19713.0,47.75,19714.25,down,drive,19744.75,19740.0,-4.75,4623.0
2025-03-24,06:30,13:00,20371.0,20314.0,57.0,20342.5,153799.0,675205.0,0.22778119237861094,20409.25,20308.25,20356.5,True,failed_both,high,20308.25,20409.25,62.75,1.1008771929824561,10,20352.25,20314.0,38.25,20320.25,down,auction,20339.25,20338.25,-1.0,4109.0
2025-03-25,06:30,13:00,20496.5,20421.75,74.75,20459.125,161557.0,678408.0,0.2381413544651596,20524.75,20402.0,20517.25,True,failed_low,low,,20524.75,103.0,1.3779264214046822,10,20465.0,20421.75,43.25,20462.25,up,auction,20454.0,20453.75,-0.25,4522.0
2025-03-26,06:30,13:00,20320.5,20253.5,67.0,20287.0,200064.0,635743.0,0.31469320149808966,20320.5,20076.5,20098.0,False,none,low,,,12.5,0.1865671641791045,10,20296.25,20270.5,25.75,20281.5,down,auction,20285.0,20275.75,-9.25,5426.0
2025-03-27,06:30,13:00,20199.0,20105.25,93.75,20152.125,229549.0,1048690.0,0.21889118805366695,20199.0,19975.0,19997.25,False,none,low,,,50.5,0.5386666666666666,10,20168.0,20106.25,61.75,20151.5,up,auction,20120.5,20117.0,-3.5,8240.0
2025-03-28,06:30,13:00,19660.75,19554.75,106.0,19607.75,343366.0,1105026.0,0.31073115021727993,19660.75,19360.75,19362.25,False,none,low,,,27.75,0.2617924528301887,10,19660.75,19586.5,74.25,19635.0,down,auction,19638.75,19652.75,14.0,8533.0
2025-03-31,06:30,13:00,19233.0,19060.25,172.75,19146.625,309565.0,1244913.0,0.24866396286326836,19489.5,19060.25,19412.5,False,none,high,,,59.0,0.341534008683068,10,19165.5,19060.25,105.25,19128.75,up,auction,19060.5,19085.5,25.0,9659.0
2025-04-01,06:30,13:00,19604.0,19327.75,276.25,19465.875,341741.0,1307726.0,0.26132461998920264,19643.25,19327.75,19597.5,False,failed_high,high,19384.75,,219.25,0.7936651583710407,10,19435.0,19327.75,107.25,19410.25,up,auction,19333.5,19352.5,19.0,6729.0
2025-04-02,06:30,13:00,19714.0,19560.75,153.25,19637.375,297905.0,1515726.0,0.19654277883997504,20045.25,19076.25,19137.0,True,failed_high,high,19076.25,,637.75,4.161500815660685,10,19628.75,19560.75,68.0,19589.75,down,auction,19598.25,19590.0,-8.25,5060.0
2025-04-03,06:30,13:00,18948.0,18720.25,227.75,18834.125,309967.0,1229085.0,0.2521932982665967,18988.25,18614.0,18648.5,True,failed_high,high,18614.0,,334.0,1.4665203073545554,10,18948.0,18852.0,96.0,18870.75,down,auction,18922.25,18929.25,7.0,5704.0
2025-04-04,06:30,13:00,18147.0,17655.25,491.75,17901.125,444823.0,1704490.0,0.2609713169335109,18147.0,17387.0,17486.25,False,none,low,,,257.75,0.5241484494153533,10,17968.5,17850.0,118.5,17895.5,down,auction,17916.0,17951.0,35.0,8865.0
2025-04-07,06:30,13:00,17799.0,17150.75,648.25,17474.875,458646.0,1513495.0,0.3030376710857981,17821.75,17150.75,17629.5,False,failed_high,high,17405.25,,393.75,0.6074045507134593,10,17691.25,17171.0,520.25,17184.5,down,auction,17364.0,17379.0,15.0,9480.0
2025-04-08,06:30,13:00,18332.5,17976.5,356.0,18154.5,325763.0,1663656.0,0.19581151391874282,18332.5,16972.0,17232.5,False,none,low,,,97.25,0.2731741573033708,10,18332.5,18249.25,83.25,18320.75,up,auction,18283.25,18269.25,-14.0,7597.0
2025-04-09,06:30,13:00,17553.25,17214.5,338.75,17383.875,250056.0,1533102.0,0.1631046075212217,19388.0,17214.5,19351.0,False,none,high,,,132.5,0.39114391143911437,10,17553.25,17410.5,142.75,17438.75,down,auction,17445.25,17460.25,15.0,4162.0
2025-04-10,06:30,13:00,18801.25,18463.5,337.75,18632.375,299303.0,1715784.0,0.17444095527175915,18801.25,17918.25,18502.5,False,failed_low,low,,18670.5,207.0,0.612879348630644,10,18782.5,18642.75,139.75,18744.5,up,auction,18644.0,18691.5,47.5,6342.0
2025-04-11,06:30,13:00,18566.0,18270.0,296.0,18418.0,302734.0,1208898.0,0.2504214582206274,18873.25,18270.0,18819.0,False,none,high,,,34.75,0.11739864864864864,10,18475.25,18270.0,205.25,18452.75,up,auction,18303.5,18359.25,55.75,9730.0
2025-04-14,06:30,13:00,19193.0,18926.25,266.75,19059.625,261167.0,1235743.0,0.2113441063392631,19193.0,18738.5,18903.75,False,none,low,,,169.0,0.633552014995314,10,19168.25,19114.0,54.25,19159.0,up,auction,19136.0,19122.25,-13.75,4863.0
2025-04-15,06:30,13:00,19089.25,18966.75,122.5,19028.0,261690.0,989024.0,0.2645941857831559,19090.75,18884.5,18940.0,True,failed_high,high,18884.5,,204.75,1.6714285714285715,10,19045.5,18966.75,78.75,18997.75,up,auction,18968.0,19003.5,35.5,7070.0
2025-04-16,06:30,13:00,18735.25,18589.5,145.75,18662.375,226634.0,1253199.0,0.18084438305488593,18735.25,18116.25,18372.75,False,none,low,,,27.0,0.18524871355060035,10,18637.0,18592.75,44.25,18623.0,up,auction,18618.0,18616.25,-1.75,4680.0
2025-04-17,06:30,13:00,18444.0,18261.25,182.75,18352.625,279762.0,1125002.0,0.24867689124108225,18526.0,18261.25,18430.0,False,failed_high,high,18329.75,,114.25,0.625170998632011,10,18339.0,18261.25,77.75,18289.5,down,auction,18321.5,18294.25,-27.25,10853.0
2025-04-21,06:30,13:00,17988.0,17856.5,131.5,17922.25,211221.0,905511.0,0.2332616610952269,17988.0,17700.0,17912.0,False,failed_low,low,,17952.0,95.5,0.7262357414448669,10,17976.75,17909.25,67.5,17970.0,up,auction,17925.5,17934.25,8.75,3864.0
2025-04-22,06:30,13:00,18386.0,18244.5,141.5,18315.25,204248.0,1167747.0,0.1749077497094833,18513.5,18210.5,18359.25,True,failed_both,high,18210.5,18436.5,175.5,1.2402826855123674,10,18317.0,18244.5,72.5,18313.0,up,auction,18279.5,18251.25,-28.25,5443.0
2025-04-23,06:30,13:00,19165.75,18881.0,284.75,19023.375,278510.0,1238802.0,0.22482204581523116,19165.75,18729.75,18850.0,False,none,low,,,85.25,0.2993854258121159,10,19165.75,19092.75,73.0,19132.0,up,auction,19101.5,19111.5,10.0,4653.0
2025-04-24,06:30,13:00,19209.0,19087.5,121.5,19148.25,267737.0,1041059.0,0.2571775470938727,19417.0,19087.5,19346.25,False,none,high,,,68.75,0.565843621399177,10,19180.75,19130.0,50.75,19153.0,up,auction,19139.25,19140.25,1.0,4768.0
2025-04-25,06:30,13:00,19393.0,19234.5,158.5,19313.75,249462.0,1060782.0,0.235168017556859,19590.0,19234.5,19554.75,False,none,high,,,18.75,0.11829652996845426,10,19334.75,19234.5,100.25,19331.5,up,auction,19271.75,19262.75,-9.0,7129.0
2025-04-28,06:30,13:00,19539.25,19312.0,227.25,19425.625,259314.0,988378.0,0.2623631849353183,19579.0,19257.75,19483.75,True,failed_both,low,19475.5,19579.0,267.0,1.174917491749175,10,19527.5,19446.5,81.0,19519.75,up,auction,19489.25,19471.5,-17.75,6639.0
2025-04-29,06:30,13:00,19615.25,19491.75,123.5,19553.5,222899.0,911942.0,0.24442234264898424,19692.5,19470.75,19614.25,True,failed_both,low,19567.25,19692.5,200.75,1.625506072874494,10,19579.75,19491.75,88.0,19570.25,up,auction,19497.25,19509.5,12.25,6758.0
2025-04-30,06:30,13:00,19438.5,19275.75,162.75,19357.125,287361.0,1198158.0,0.23983564771924903,19878.5,19275.75,19848.25,False,none,high,,,101.5,0.6236559139784946,10,19341.25,19280.25,61.0,19306.0,down,auction,19309.25,19320.5,11.25,7924.0
2025-05-01,06:30,13:00,20125.25,19975.0,150.25,20050.125,222438.0,991046.0,0.22444770474831643,20125.25,19756.0,19797.0,False,none,low,,,74.75,0.49750415973377704,10,20030.75,19975.0,55.75,20028.0,up,auction,19998.75,19992.5,-6.25,5141.0
2025-05-02,06:30,13:00,20194.25,20122.75,71.5,20158.5,194108.0,832942.0,0.23303903513089747,20277.0,20122.75,20200.5,False,none,high,,,41.75,0.583916083916084,10,20181.0,20135.0,46.0,20166.0,down,auction,20179.25,20163.5,-15.75,5145.0
2025-05-05,06:30,13:00,20124.25,20009.0,115.25,20066.625,183567.0,658031.0,0.2789640609636932,20191.25,20002.0,20041.0,True,failed_both,high,20002.0,20042.75,122.25,1.0607375271149675,10,20079.0,20009.0,70.0,20068.5,up,auction,20059.5,20052.25,-7.25,2133.0
2025-05-06,06:30,13:00,19946.0,19881.0,65.0,19913.5,187109.0,920339.0,0.20330443456161262,20027.0,19808.75,19846.25,True,failed_high,high,19808.75,,137.25,2.1115384615384616,10,19923.25,19881.0,42.25,19913.5,up,auction,19899.75,19890.75,-9.0,5720.0
2025-05-07,06:30,13:00,19977.75,19788.5,189.25,19883.125,244427.0,1151043.0,0.21235262279515188,20055.0,19678.5,19957.25,True,failed_both,low,19839.0,20055.0,266.5,1.4081902245706737,10,19977.75,19955.75,22.0,19963.75,down,auction,19972.0,19969.75,-2.25,2069.0
2025-05-08,06:30,13:00,20205.75,19978.0,227.75,20091.875,294880.0,1022817.0,0.2883018174316618,20337.5,19978.0,20155.75,False,failed_high,high,20141.25,,64.5,0.283205268935236,10,20117.5,20053.75,63.75,20062.0,down,auction,20091.25,20089.0,-2.25,3309.0
2025-05-09,06:30,13:00,20176.0,20057.5,118.5,20116.75,249865.0,811406.0,0.3079407842682948,20187.0,20057.5,20146.5,False,failed_high,high,20119.75,,56.25,0.47468354430379744,10,20151.0,20057.5,93.5,20078.25,down,auction,20134.0,20146.5,12.5,7468.0
2025-05-12,06:30,13:00,20815.75,20690.0,125.75,20752.875,218888.0,797227.0,0.2745616994908602,20996.0,20690.0,20958.0,False,none,high,,,10.0,0.07952286282306163,10,20747.75,20690.0,57.75,20746.0,up,auction,20741.5,20717.0,-24.5,9647.0
2025-05-13,06:30,13:00,21293.0,21186.5,106.5,21239.75,193257.0,742940.0,0.26012463994400625,21347.0,21186.5,21254.75,False,failed_high,high,21247.0,,46.0,0.431924882629108,10,21229.25,21191.5,37.75,21222.5,up,auction,21210.25,21208.5,-1.75,7769.0
2025-05-14,06:30,13:00,21385.0,21288.25,96.75,21336.625,198404.0,753437.0,0.26333190432644005,21419.75,21281.25,21403.5,True,failed_low,high,,21414.0,103.75,1.0723514211886305,10,21358.0,21320.0,38.0,21329.0,down,auction,21342.5,21341.5,-1.0,3005.0
2025-05-15,06:30,13:00,21423.0,21256.75,166.25,21339.875,193080.0,789712.0,0.2444941953522297,21529.75,21256.75,21396.25,False,failed_high,high,21303.5,,119.5,0.718796992481203,10,21294.5,21256.75,37.75,21272.0,down,auction,21287.75,21293.0,5.25,3701.0
2025-05-16,06:30,13:00,21416.5,21320.0,96.5,21368.25,190548.0,605827.0,0.3145254338284692,21513.0,21320.0,21404.25,False,failed_high,high,21384.0,,32.5,0.33678756476683935,10,21414.5,21367.25,47.25,21376.25,down,auction,21413.0,21402.75,-10.25,5622.0
2025-05-19,06:30,13:00,21435.0,21377.0,58.0,21406.0,150549.0,644176.0,0.23370786865701298,21545.5,21377.0,21517.5,False,none,high,,,23.25,0.40086206896551724,10,21427.25,21381.75,45.5,21411.0,up,auction,21404.75,21386.25,-18.5,4867.0
2025-05-20,06:30,13:00,21451.25,21381.5,69.75,21416.375,139236.0,652093.0,0.21352169092445403,21473.75,21298.0,21419.0,True,failed_both,high,21298.0,21452.0,153.25,2.197132616487455,10,21445.0,21381.5,63.5,21439.5,up,auction,21394.0,21396.75,2.75,1842.0
2025-05-21,06:30,13:00,21535.5,21372.0,163.5,21453.75,201295.0,1095506.0,0.18374614105262774,21558.5,21071.75,21145.25,True,failed_high,high,21071.75,,463.75,2.8363914373088686,10,21410.75,21372.0,38.75,21403.75,up,auction,21383.5,21404.0,20.5,3746.0
2025-05-22,06:30,13:00,21269.25,21166.5,102.75,21217.875,210706.0,732367.0,0.2877054809951841,21337.75,21166.25,21214.25,True,failed_both,high,21166.25,21214.75,103.0,1.002433090024331,10,21269.25,21205.0,64.25,21220.75,down,auction,21233.5,21252.75,19.25,4842.0
2025-05-23,06:30,13:00,20988.25,20883.75,104.5,20936.0,187252.0,736618.0,0.25420502892951297,21083.75,20883.75,20953.25,False,failed_high,high,20918.75,,69.5,0.6650717703349283,10,20984.25,20933.25,51.0,20969.25,up,auction,20943.75,20959.5,15.75,5436.0
2025-05-26,06:30,13:00,21269.0,21215.5,53.5,21242.25,38649.0,72574.0,0.5325460908865434,21296.25,21215.5,21284.5,False,none,high,,,4.0,0.07476635514018691,10,21269.0,21231.5,37.5,21235.0,down,auction,21268.25,21250.5,-17.75,2834.0
2025-05-27,06:30,13:00,21400.75,21348.25,52.5,21374.5,126998.0,550032.0,0.2308920208278791,21488.25,21348.25,21477.5,False,none,high,,,10.75,0.20476190476190476,10,21387.0,21357.75,29.25,21379.25,up,auction,21369.5,21379.0,9.5,2644.0
2025-05-28,06:30,13:00,21477.5,21426.25,51.25,21451.875,136088.0,652384.0,0.2086010693088733,21528.75,21320.0,21525.0,True,failed_low,high,,21528.75,157.5,3.073170731707317,10,21462.5,21433.0,29.5,21443.0,down,auction,21456.0,21450.75,-5.25,2800.0
2025-05-29,06:30,13:00,21522.0,21430.25,91.75,21476.125,168154.0,801129.0,0.20989628386938933,21522.0,21301.0,21384.5,False,none,low,,,53.75,0.5858310626702997,10,21475.5,21430.25,45.25,21463.25,up,auction,21456.0,21457.0,1.0,4024.0
2025-05-30,06:30,13:00,21399.5,21318.25,81.25,21358.875,153566.0,947758.0,0.1620308137731362,21433.25,21071.5,21369.0,True,failed_both,low,21329.75,21433.25,115.0,1.4153846153846155,10,21399.5,21359.0,40.5,21394.75,up,auction,21384.5,21374.25,-10.25,3134.0
2025-06-02,06:30,13:00,21418.75,21349.0,69.75,21383.875,145101.0,542505.0,0.26746481599247934,21576.75,21349.0,21554.75,False,none,high,,,17.75,0.25448028673835127,10,21418.75,21352.5,66.25,21362.75,down,auction,21379.0,21375.25,-3.75,3470.0
2025-06-03,06:30,13:00,21686.5,21584.0,102.5,21635.25,136880.0,596656.0,0.2294119224477756,21759.75,21584.0,21688.0,False,none,high,,,51.5,0.5024390243902439,10,21621.25,21584.0,37.25,21613.0,down,auction,21621.25,21611.0,-10.25,3842.0
2025-06-04,06:30,13:00,21784.75,21705.0,79.75,21744.875,147539.0,565565.0,0.26087010334797944,21802.75,21705.0,21747.5,False,failed_high,high,21740.75,,44.0,0.5517241379310345,10,21758.5,21720.0,38.5,21731.25,down,auction,21743.75,21739.0,-4.75,3004.0
2025-06-05,06:30,13:00,21925.0,21700.75,224.25,21812.875,234445.0,1027261.0,0.22822340184237502,21936.25,21503.5,21513.5,True,failed_high,high,21503.5,,421.5,1.879598662207358,10,21810.0,21700.75,109.25,21792.5,down,auction,21801.75,21797.75,-4.0,3363.0
2025-06-06,06:30,13:00,21870.25,21735.75,134.5,21803.0,189904.0,642432.0,0.29560171348874276,21880.0,21721.5,21809.75,True,failed_both,low,21780.25,21880.0,144.25,1.0724907063197027,10,21820.0,21763.75,56.25,21818.0,up,auction,21784.5,21784.75,0.25,5048.0
2025-06-09,06:30,13:00,21892.5,21813.25,79.25,21852.875,146441.0,512733.0,0.2856086891227988,21892.5,21796.5,21821.5,False,failed_low,low,,21825.25,12.0,0.15141955835962145,10,21892.5,21848.0,44.5,21876.5,up,auction,21852.5,21859.75,7.25,3557.0
2025-06-10,06:30,13:00,21889.5,21844.25,45.25,21866.875,112658.0,669487.0,0.16827511213809976,21992.25,21743.0,21951.5,True,failed_low,low,,21992.25,148.0,3.270718232044199,10,21885.75,21863.0,22.75,21867.75,down,auction,21873.0,21874.25,1.25,1787.0
2025-06-11,06:30,13:00,22066.75,21985.75,81.0,22026.25,146849.0,896096.0,0.1638764150269614,22066.75,21790.25,21882.75,False,none,low,,,37.0,0.4567901234567901,10,22050.75,22023.0,27.75,22040.25,up,auction,22038.5,22037.0,-1.5,2848.0
2025-06-12,06:30,13:00,21977.5,21881.75,95.75,21929.625,163364.0,598862.0,0.27279072641109303,21977.5,21881.75,21908.25,False,none,none,,,,,10,21943.75,21910.25,33.5,21934.25,up,auction,21920.5,21919.75,-0.75,2448.0
2025-06-13,06:30,13:00,21807.5,21621.25,186.25,21714.375,182557.0,782705.0,0.23323857647517263,21855.75,21601.25,21654.0,True,failed_both,high,21601.25,21693.0,206.25,1.1073825503355705,10,21720.0,21621.25,98.75,21714.75,up,auction,21627.25,21629.0,1.75,4062.0
2025-06-16,06:30,13:00,21996.5,21732.25,264.25,21864.375,88739.0,225290.0,0.3938878778463314,21996.5,21732.25,21935.5,False,none,none,,,,,10,21981.5,21747.25,234.25,21969.75,down,auction,21973.25,21974.25,1.0,4511.0
2025-06-17,06:30,13:00,21907.5,21771.0,136.5,21839.25,34795.0,151427.0,0.22978068640334948,21907.5,21683.75,21727.5,False,none,low,,,53.0,0.3882783882783883,10,21888.0,21771.0,117.0,21868.25,down,auction,21876.75,21881.0,4.25,389.0
2025-06-18,06:30,13:00,21872.75,21729.25,143.5,21801.0,36113.0,131529.0,0.27456302412395744,21872.75,21660.0,21731.5,False,failed_low,low,,21855.0,125.75,0.8763066202090593,10,21871.5,21781.75,89.75,21865.0,up,auction,21848.5,21846.0,-2.5,366.0
2025-06-19,06:30,13:00,21753.75,21484.5,269.25,21619.125,8287.0,18386.0,0.450723376482106,21753.75,21472.75,21673.25,False,failed_low,low,,21729.75,245.25,0.9108635097493036,10,,,,,,,,,,
2025-06-20,06:30,13:00,21967.0,21775.75,191.25,21871.375,260012.0,596045.0,0.4362288082275667,21967.0,21760.0,21874.0,False,failed_low,low,,21880.25,104.5,0.5464052287581699,10,21961.25,21916.75,44.5,21949.5,up,auction,21936.25,21921.75,-14.5,4244.0
2025-06-23,06:30,13:00,22018.0,21932.0,86.0,21975.0,138319.0,890037.0,0.15540814595348285,22093.0,21738.5,22072.0,True,failed_low,low,,22093.0,161.0,1.872093023255814,10,21994.75,21970.0,24.75,21983.75,down,auction,21984.75,21976.5,-8.25,3501.0
2025-06-24,06:30,13:00,22375.0,22300.0,75.0,22337.5,125983.0,491738.0,0.2561994395389415,22447.75,22300.0,22409.5,False,none,high,,,17.75,0.23666666666666666,10,22328.75,22305.0,23.75,22314.75,up,auction,22308.0,22311.0,3.0,2641.0
2025-06-25,06:30,13:00,22524.5,22444.75,79.75,22484.625,150835.0,578473.0,0.26074682828757784,22524.5,22388.25,22472.75,False,failed_low,low,,22481.0,36.25,0.45454545454545453,10,22515.0,22488.25,26.75,22493.5,up,auction,22488.5,22496.5,8.0,5565.0
2025-06-26,06:30,13:00,22613.25,22549.75,63.5,22581.5,134602.0,532832.0,0.2526162092366825,22692.75,22549.75,22672.75,False,none,high,,,17.0,0.2677165354330709,10,22599.25,22566.25,33.0,22576.75,up,auction,22569.0,22577.75,8.75,5076.0
2025-06-27,06:30,13:00,22814.5,22746.0,68.5,22780.25,145988.0,756670.0,0.19293483288619873,22820.0,22600.0,22740.25,True,failed_high,high,22600.0,,214.5,3.1313868613138687,10,22814.5,22763.5,51.0,22798.0,up,auction,22783.25,22776.0,-7.25,2510.0
2025-06-30,06:30,13:00,22844.75,22801.25,43.5,22823.0,122405.0,630554.0,0.19412294585396334,22934.0,22780.0,22865.75,True,failed_low,high,,22934.0,64.75,1.4885057471264367,10,22844.75,22808.75,36.0,22817.75,down,auction,22842.0,22838.0,-4.0,3534.0
2025-07-01,06:30,13:00,22783.5,22593.75,189.75,22688.625,280295.0,825091.0,0.3397140436630626,22783.5,22593.75,22691.5,False,none,none,,,,,10,22783.5,22718.5,65.0,22724.0,down,auction,22767.0,22771.0,4.0,4889.0
2025-07-02,06:30,13:00,22847.75,22772.25,75.5,22810.0,165306.0,508138.0,0.3253171382577174,22858.75,22772.25,22853.25,False,none,high,,,39.25,0.5198675496688742,10,22812.25,22789.5,22.75,22800.25,up,auction,22790.75,22795.25,4.5,4295.0
2025-07-03,06:30,13:00,23079.5,23034.75,44.75,23057.125,87674.0,234372.0,0.37408052156400934,23101.25,23028.0,23059.0,True,failed_both,high,23028.0,23072.0,51.5,1.1508379888268156,10,23069.5,23043.0,26.5,23052.0,down,auction,23060.0,23054.0,-6.0,2567.0
2025-07-04,06:30,13:00,22946.0,22911.0,35.0,22928.5,25623.0,46875.0,0.546624,22946.0,22895.5,22904.5,False,none,low,,,4.0,0.11428571428571428,10,22946.0,22930.25,15.75,22942.5,up,auction,22932.25,22938.5,6.25,1672.0
2025-07-07,06:30,13:00,22939.5,22882.75,56.75,22911.125,140943.0,756861.0,0.186220455275143,22962.75,22780.25,22838.0,True,failed_high,high,22780.25,,159.25,2.806167400881057,10,22939.5,22916.75,22.75,22922.25,down,auction,22937.5,22929.0,-8.5,3382.0
2025-07-08,06:30,13:00,22942.75,22841.0,101.75,22891.875,207359.0,637409.0,0.32531545679461693,22962.75,22841.0,22903.5,False,failed_high,high,22870.0,,72.75,0.714987714987715,10,22940.0,22872.75,67.25,22936.5,up,auction,22875.0,22884.25,9.25,4125.0
2025-07-09,06:30,13:00,23049.0,22917.0,132.0,22983.0,256784.0,673717.0,0.38114519894851995,23060.5,22917.0,23043.25,False,failed_high,high,23026.75,,22.25,0.16856060606060605,10,23049.0,22963.0,86.0,23005.25,down,auction,23048.75,23026.5,-22.25,10397.0
2025-07-10,06:30,13:00,23006.0,22935.0,71.0,22970.5,153950.0,522368.0,0.294715602793433,23050.0,22935.0,23009.75,False,none,high,,,43.25,0.6091549295774648,10,22966.75,22935.0,31.75,22962.75,up,auction,22938.0,22943.5,5.5,4127.0
2025-07-11,06:30,13:00,23007.5,22908.75,98.75,22958.125,160017.0,589900.0,0.2712612307170707,23021.75,22908.75,22937.25,False,failed_high,high,22924.25,,83.25,0.8430379746835444,10,23007.5,22981.0,26.5,22991.0,up,auction,22990.75,22990.0,-0.75,4097.0
2025-07-14,06:30,13:00,23022.75,22922.5,100.25,22972.625,144199.0,464724.0,0.3102895482049561,23067.75,22922.5,23036.25,False,none,high,,,18.0,0.17955112219451372,10,22947.25,22922.5,24.75,22941.5,up,auction,22938.5,22941.5,3.0,4835.0
2025-07-15,06:30,13:00,23185.75,23095.5,90.25,23140.625,199834.0,717126.0,0.2786595382122528,23185.75,23010.5,23018.0,False,none,low,,,84.5,0.9362880886426593,10,23185.75,23145.5,40.25,23159.0,down,auction,23178.75,23183.5,4.75,3561.0
2025-07-16,06:30,13:00,23045.0,22898.25,146.75,22971.625,305355.0,813554.0,0.37533464281412177,23100.0,22835.75,23063.0,True,failed_low,low,,23100.0,201.75,1.374787052810903,10,23031.0,22993.75,37.25,23005.0,flat,auction,23005.0,23028.5,23.5,7721.0
2025-07-17,06:30,13:00,23244.25,23146.75,97.5,23195.5,150974.0,514051.0,0.29369459450521446,23281.0,23146.75,23265.5,False,none,high,,,10.0,0.10256410256410256,10,23179.75,23146.75,33.0,23168.25,up,auction,23154.25,23154.0,-0.25,2822.0
2025-07-18,06:30,13:00,23231.0,23180.5,50.5,23205.75,143339.0,563659.0,0.2543009159793421,23253.0,23170.0,23228.75,True,failed_both,high,23170.0,23231.5,61.0,1.2079207920792079,10,23217.5,23190.0,27.5,23206.5,up,auction,23193.75,23195.75,2.0,3964.0
2025-07-21,06:30,13:00,23424.5,23379.0,45.5,23401.75,110305.0,516932.0,0.21338396539583543,23424.5,23328.25,23346.75,False,none,low,,,44.5,0.978021978021978,10,23424.5,23411.25,13.25,23414.0,down,auction,23416.5,23415.5,-1.0,4048.0
2025-07-22,06:30,13:00,23230.0,23166.75,63.25,23198.375,162475.0,617471.0,0.26312976641818,23257.0,23159.25,23198.5,True,failed_both,high,23159.25,23257.0,70.75,1.1185770750988142,10,23224.75,23166.75,58.0,23212.0,up,auction,23168.75,23187.5,18.75,5688.0
2025-07-23,06:30,13:00,23218.25,23148.0,70.25,23183.125,139576.0,698934.0,0.1996983978458624,23416.5,23148.0,23410.75,False,none,high,,,24.75,0.35231316725978645,10,23194.75,23148.0,46.75,23164.25,down,auction,23192.75,23183.5,-9.25,3544.0
2025-07-24,06:30,13:00,23396.5,23329.0,67.5,23362.75,123122.0,537319.0,0.22914134806325478,23425.0,23329.0,23395.0,False,failed_high,high,23340.0,,56.5,0.837037037037037,10,23361.5,23329.0,32.5,23353.0,up,auction,23332.25,23337.25,5.0,1769.0
2025-07-25,06:30,13:00,23428.75,23390.25,38.5,23409.5,114200.0,478823.0,0.23850149220066705,23477.0,23390.25,23447.25,False,none,high,,,22.0,0.5714285714285714,10,23423.25,23393.0,30.25,23402.0,down,auction,23405.25,23406.25,1.0,3161.0
2025-07-28,06:30,13:00,23518.5,23437.0,81.5,23477.75,127568.0,472764.0,0.26983442055655676,23518.5,23437.0,23509.0,False,none,none,,,,,10,23509.25,23494.25,15.0,23508.0,up,auction,23503.25,23499.25,-4.0,2676.0
2025-07-29,06:30,13:00,23576.25,23458.0,118.25,23517.125,188734.0,678393.0,0.2782074697115094,23576.25,23422.0,23451.5,False,none,low,,,66.25,0.5602536997885835,10,23569.75,23551.75,18.0,23563.5,up,auction,23559.25,23565.75,6.5,4712.0
2025-07-30,06:30,13:00,23541.25,23475.0,66.25,23508.125,121665.0,823118.0,0.14780991303798482,23688.0,23355.0,23662.25,True,failed_low,high,,23688.0,186.25,2.811320754716981,10,23529.0,23503.5,25.5,23513.5,up,auction,23503.75,23520.5,16.75,4924.0
2025-07-31,06:30,13:00,23657.0,23483.75,173.25,23570.375,260886.0,1120932.0,0.23274025543030263,23657.0,23286.5,23329.25,False,none,low,,,13.75,0.07936507936507936,10,23657.0,23603.75,53.25,23627.0,down,auction,23640.25,23650.25,10.0,3183.0
2025-08-01,06:30,13:00,23022.5,22896.25,126.25,22959.375,229487.0,926597.0,0.24766646125554043,23045.5,22788.25,22869.0,True,failed_high,high,22788.25,,234.25,1.8554455445544555,10,23022.5,22971.5,51.0,22980.0,down,auction,22984.75,22989.5,4.75,8623.0
2025-08-04,06:30,13:00,23254.75,23187.5,67.25,23221.125,162681.0,586197.0,0.27751933223813835,23353.75,23187.5,23351.5,False,none,high,,,14.0,0.20817843866171004,10,23254.75,23223.25,31.5,23244.5,down,auction,23250.0,23235.75,-14.25,3341.0
2025-08-05,06:30,13:00,23291.5,23138.75,152.75,23215.125,290791.0,899494.0,0.32328286792352146,23291.5,23082.0,23090.75,False,none,low,,,113.25,0.7414075286415712,10,23291.5,23224.75,66.75,23233.75,down,auction,23289.75,23282.25,-7.5,4420.0
2025-08-06,06:30,13:00,23332.0,23179.5,152.5,23255.75,204731.0,643529.0,0.31813795493287794,23444.75,23179.5,23413.0,False,none,high,,,33.75,0.22131147540983606,10,23250.75,23179.5,71.25,23245.5,up,auction,23199.5,23195.25,-4.25,5119.0
2025-08-07,06:30,13:00,23593.75,23496.75,97.0,23545.25,230238.0,920103.0,0.25023068069553084,23593.75,23330.0,23521.5,False,failed_low,low,,23535.25,38.5,0.39690721649484534,10,23581.0,23540.25,40.75,23576.5,up,auction,23574.5,23549.5,-25.0,6830.0
2025-08-08,06:30,13:00,23702.75,23643.0,59.75,23672.875,150638.0,622640.0,0.2419343440832584,23768.5,23612.0,23767.25,True,failed_low,low,,23768.5,125.5,2.100418410041841,10,23702.75,23673.5,29.25,23691.25,up,auction,23675.75,23684.0,8.25,4230.0
2025-08-11,06:30,13:00,23761.25,23713.75,47.5,23737.5,121536.0,624239.0,0.19469466021828177,23804.5,23587.0,23630.0,True,failed_high,high,23587.0,,174.25,3.668421052631579,10,23761.25,23743.0,18.25,23748.25,down,auction,23752.0,23751.5,-0.5,2231.0
2025-08-12,06:30,13:00,23861.0,23732.5,128.5,23796.75,166265.0,492476.0,0.337610360707933,23952.5,23732.5,23948.75,False,none,high,,,14.5,0.11284046692607004,10,23767.5,23742.5,25.0,23763.0,up,auction,23753.0,23758.75,5.75,3353.0
2025-08-13,06:30,13:00,23973.25,23892.25,81.0,23932.75,200984.0,635609.0,0.3162069763014684,23973.25,23886.0,23927.75,False,failed_low,low,,23960.5,68.25,0.8425925925925926,10,23969.0,23942.5,26.5,23959.75,up,auction,23957.0,23963.25,6.25,4025.0
2025-08-14,06:30,13:00,24005.5,23862.75,142.75,23934.125,185774.0,697417.0,0.26637434992264314,24005.5,23862.75,23891.0,False,none,none,,,,,10,23984.5,23950.75,33.75,23984.0,up,auction,23951.25,23962.75,11.5,3664.0
2025-08-15,06:30,13:00,23862.75,23786.75,76.0,23824.75,158851.0,628392.0,0.25278965995747876,23862.75,23734.75,23796.5,False,failed_low,low,,23847.75,61.0,0.8026315789473685,10,23862.75,23828.75,34.0,23848.5,down,auction,23855.5,23859.0,3.5,3065.0
2025-08-18,06:30,13:00,23788.75,23718.75,70.0,23753.75,163616.0,534928.0,0.30586546226781924,23816.0,23718.75,23789.5,False,none,high,,,41.75,0.5964285714285714,10,23788.75,23754.0,34.75,23763.0,down,auction,23775.5,23769.25,-6.25,8562.0
2025-08-19,06:30,13:00,23659.0,23514.0,145.0,23586.5,263831.0,827960.0,0.3186518672399633,23659.0,23425.25,23473.25,False,none,low,,,10.25,0.0706896551724138,10,23659.0,23598.0,61.0,23606.5,down,auction,23627.0,23625.5,-1.5,8044.0
2025-08-20,06:30,13:00,23228.0,23035.25,192.75,23131.625,260226.0,961342.0,0.2706903474517913,23368.5,23035.25,23318.75,False,none,high,,,75.5,0.39169909208819714,10,23109.25,23080.5,28.75,23082.5,down,auction,23096.0,23092.5,-3.5,7175.0
2025-08-21,06:30,13:00,23345.75,23204.0,141.75,23274.875,253301.0,878719.0,0.28826166271583975,23345.75,23119.5,23222.5,False,failed_low,low,,23254.75,50.75,0.35802469135802467,10,23345.75,23257.25,88.5,23258.25,down,drive,23345.25,23318.75,-26.5,6919.0
2025-08-22,06:30,13:00,23650.0,23554.25,95.75,23602.125,222591.0,729759.0,0.30501987642495676,23650.0,23507.0,23582.75,False,failed_low,low,,23625.25,71.0,0.741514360313316,10,23613.75,23554.25,59.5,23585.5,up,auction,23554.25,23568.75,14.5,9374.0
2025-08-25,06:30,13:00,23603.75,23531.25,72.5,23567.5,166674.0,566879.0,0.29402041705549153,23616.75,23485.5,23502.25,True,failed_high,high,23485.5,,118.25,1.6310344827586207,10,23567.0,23531.25,35.75,23550.5,up,auction,23540.5,23537.75,-2.75,3462.0
2025-08-26,06:30,13:00,23551.5,23503.5,48.0,23527.5,157755.0,611147.0,0.258129386219682,23611.0,23479.0,23607.25,True,failed_low,low,,23611.0,107.5,2.2395833333333335,10,23549.0,23521.5,27.5,23522.75,down,drive,23542.75,23542.25,-0.5,3610.0
2025-08-27,06:30,13:00,23616.0,23584.0,32.0,23600.0,115840.0,659355.0,0.17568684547777752,23685.0,23429.0,23542.25,True,failed_high,low,23429.0,,101.0,3.15625,10,23613.5,23595.75,17.75,23611.75,up,auction,23598.5,23605.5,7.0,3292.0
2025-08-28,06:30,13:00,23754.25,23628.75,125.5,23691.5,207741.0,634527.0,0.32739505174720696,23803.75,23628.75,23761.25,False,none,high,,,32.0,0.2549800796812749,10,23677.5,23628.75,48.75,23672.25,up,auction,23630.0,23633.0,3.0,3927.0
2025-08-29,06:30,13:00,23515.75,23413.5,102.25,23464.625,220290.0,738117.0,0.29844861993423805,23515.75,23401.5,23454.5,False,failed_low,low,,23495.0,81.5,0.7970660146699267,10,23514.5,23475.75,38.75,23509.25,up,auction,23498.25,23495.0,-3.25,5950.0
2025-09-01,06:30,13:00,23505.0,23479.25,25.75,23492.125,22006.0,46578.0,0.4724548069904247,23507.0,23479.25,23502.75,False,failed_high,high,23481.75,,23.25,0.9029126213592233,10,23491.75,23482.75,9.0,23489.5,up,auction,23484.5,23486.0,1.5,553.0
2025-09-02,06:30,13:00,23261.5,23095.5,166.0,23178.5,241978.0,881874.0,0.2743906725904154,23386.5,23026.5,23379.25,True,failed_low,low,,23386.5,291.0,1.7530120481927711,10,23261.5,23217.5,44.0,23225.0,down,auction,23261.25,23239.25,-22.0,5799.0
2025-09-03,06:30,13:00,23526.0,23420.5,105.5,23473.25,208889.0,867684.0,0.2407431737821603,23526.0,23318.25,23455.5,False,failed_low,low,,23480.0,59.5,0.5639810426540285,10,23485.75,23432.25,53.5,23481.5,up,auction,23433.5,23452.75,19.25,5952.0
2025-09-04,06:30,13:00,23556.0,23479.5,76.5,23517.75,197281.0,668122.0,0.29527691050436894,23709.0,23479.5,23683.75,False,none,high,,,19.5,0.2549019607843137,10,23530.25,23479.5,50.75,23519.25,up,auction,23481.0,23495.0,14.0,5980.0
2025-09-05,06:30,13:00,23665.75,23505.0,160.75,23585.375,392881.0,1038066.0,0.3784740083963833,23696.25,23505.0,23673.0,False,none,high,,,79.75,0.49611197511664074,10,23665.75,23606.75,59.0,23617.5,down,auction,23653.75,23654.25,0.5,10351.0
2025-09-08,06:30,13:00,23888.0,23844.0,44.0,23866.0,155009.0,673066.0,0.23030282320010223,23888.0,23758.5,23798.5,False,none,low,,,32.0,0.7272727272727273,10,23880.0,23851.75,28.25,23872.75,up,auction,23862.5,23872.0,9.5,4753.0
2025-09-09,06:30,13:00,23812.25,23726.5,85.75,23769.375,211431.0,665415.0,0.31774306260003155,23918.0,23726.5,23889.0,False,none,high,,,30.5,0.3556851311953353,10,23812.25,23733.5,78.75,23743.0,down,auction,23810.5,23801.75,-8.75,2511.0
2025-09-10,06:30,13:00,23990.75,23920.75,70.0,23955.75,169770.0,749065.0,0.2266425477094778,23990.75,23785.0,23859.0,False,none,low,,,19.75,0.28214285714285714,10,23982.25,23955.25,27.0,23971.25,up,auction,23963.5,23970.5,7.0,3842.0
2025-09-11,06:30,13:00,24048.75,23961.5,87.25,24005.125,183306.0,578422.0,0.3169070332732849,24048.75,23961.5,24006.5,False,none,none,,,,,10,24012.75,23961.5,51.25,24012.25,up,auction,23965.0,23971.75,6.75,2401.0
2025-09-12,06:30,13:00,24115.75,24064.5,51.25,24090.125,151622.0,583010.0,0.26006758031594657,24159.0,24064.5,24114.5,False,failed_high,high,24087.5,,28.25,0.551219512195122,10,24088.25,24064.5,23.75,24081.5,up,auction,24071.75,24068.5,-3.25,2704.0
2025-09-15,06:30,13:00,24278.75,24221.0,57.75,24249.875,63104.0,255343.0,0.247134246875771,24315.75,24221.0,24295.75,False,none,high,,,33.5,0.5800865800865801,10,24258.0,24221.0,37.0,24248.25,down,auction,24254.25,24254.0,-0.25,4225.0
2025-09-16,06:30,13:00,24313.75,24268.0,45.75,24290.875,28676.0,99710.0,0.28759402266573064,24322.75,24257.5,24292.5,True,failed_both,low,24279.0,24322.75,54.75,1.1967213114754098,10,24313.75,24285.0,28.75,24291.0,down,auction,24296.0,24299.0,3.0,335.0
2025-09-17,06:30,13:00,24459.75,24403.5,56.25,24431.625,119081.0,922799.0,0.12904326944437522,24550.75,24241.75,24501.25,True,failed_low,low,,24550.75,147.25,2.617777777777778,10,24459.75,24431.0,28.75,24443.25,up,auction,24440.25,24441.0,0.75,3264.0
2025-09-18,06:30,13:00,24815.75,24731.75,84.0,24773.75,183760.0,619170.0,0.2967844049291794,24815.75,24684.75,24713.75,False,none,low,,,65.0,0.7738095238095238,10,24809.0,24762.5,46.5,24764.25,down,auction,24786.25,24802.25,16.0,6319.0
2025-09-19,06:30,13:00,24790.5,24708.0,82.5,24749.25,174038.0,601614.0,0.2892851562629859,24888.0,24708.0,24861.25,False,none,high,,,6.0,0.07272727272727272,10,24790.5,24766.25,24.25,24772.5,down,auction,24782.5,24781.25,-1.25,2159.0
2025-09-22,06:30,13:00,24938.0,24890.25,47.75,24914.125,135274.0,579802.0,0.2333106819224494,25027.25,24890.25,24996.5,False,none,high,,,6.25,0.13089005235602094,10,24909.0,24890.25,18.75,24908.25,up,auction,24903.5,24902.5,-1.0,3323.0
2025-09-23,06:30,13:00,24975.0,24930.75,44.25,24952.875,139421.0,813965.0,0.17128623466610973,24975.0,24779.25,24834.25,False,none,low,,,32.0,0.7231638418079096,10,24962.25,24946.5,15.75,24955.5,up,auction,24953.25,24956.0,2.75,2980.0
2025-09-24,06:30,13:00,24829.75,24777.0,52.75,24803.375,156724.0,795263.0,0.197071912059281,24829.75,24628.0,24747.75,False,none,low,,,8.0,0.15165876777251186,10,24827.75,24793.25,34.5,24812.0,down,auction,24818.25,24819.25,1.0,1745.0
2025-09-25,06:30,13:00,24656.75,24583.75,73.0,24620.25,233889.0,1033660.0,0.2262726621906623,24697.0,24453.5,24635.25,True,failed_both,high,24453.5,24648.75,203.25,2.7842465753424657,10,24636.5,24608.75,27.75,24632.75,up,auction,24620.0,24617.75,-2.25,3990.0
2025-09-26,06:30,13:00,24642.75,24539.0,103.75,24590.875,275827.0,786540.0,0.3506840084420373,24746.5,24539.0,24727.5,False,none,high,,,5.0,0.04819277108433735,10,24612.5,24539.0,73.5,24609.25,up,auction,24569.0,24556.5,-12.5,8678.0
2025-09-29,06:30,13:00,24961.25,24861.5,99.75,24911.375,183160.0,719282.0,0.25464282437208213,24961.25,24780.5,24811.5,False,none,low,,,9.0,0.09022556390977443,10,24961.25,24935.0,26.25,24943.75,down,auction,24957.0,24953.0,-4.0,2477.0
2025-09-30,06:30,13:00,24864.0,24752.25,111.75,24808.125,248406.0,868058.0,0.28616290616525625,24913.75,24731.25,24838.5,True,failed_both,low,24834.5,24913.75,161.5,1.4451901565995526,10,24809.5,24752.25,57.25,24758.5,down,auction,24783.75,24792.5,8.75,4406.0
2025-10-01,06:30,13:00,24920.75,24874.75,46.0,24897.75,165079.0,631329.0,0.2614785634748285,25037.0,24874.75,25009.0,False,none,high,,,2.25,0.04891304347826087,10,24912.0,24874.75,37.25,24895.75,up,auction,24884.0,24888.75,4.75,3170.0
2025-10-02,06:30,13:00,25090.75,24993.75,97.0,25042.25,223411.0,666458.0,0.3352214243058077,25126.75,24993.75,25105.5,False,none,high,,,14.5,0.14948453608247422,10,25090.75,25058.5,32.25,25088.0,up,auction,25076.25,25088.75,12.5,4391.0
2025-10-03,06:30,13:00,25143.0,25078.5,64.5,25110.75,161848.0,858810.0,0.1884561195142115,25156.0,24923.0,24981.5,True,failed_high,high,24923.0,,220.0,3.4108527131782944,10,25116.5,25078.5,38.0,25108.5,up,auction,25090.0,25089.5,-0.5,2243.0
2025-10-06,06:30,13:00,25176.75,25110.25,66.5,25143.5,143973.0,538543.0,0.2673379841535402,25253.0,25110.25,25184.0,False,none,high,,,9.75,0.14661654135338345,10,25152.0,25122.0,30.0,25143.25,flat,auction,25143.25,25142.0,-1.25,3469.0
2025-10-07,06:30,13:00,25231.25,25053.75,177.5,25142.5,323354.0,969311.0,0.3335915923785039,25231.25,24985.25,25055.0,False,failed_low,low,,25092.0,38.25,0.21549295774647886,10,25231.25,25186.25,45.0,25198.5,down,auction,25213.5,25212.25,-1.25,3412.0
2025-10-08,06:30,13:00,25246.5,25172.75,73.75,25209.625,166670.0,600641.0,0.2774868848446909,25364.75,25172.75,25354.5,False,none,high,,,13.75,0.1864406779661017,10,25226.0,25198.25,27.75,25212.75,down,auction,25216.75,25212.75,-4.0,5142.0
2025-10-09,06:30,13:00,25274.25,25193.5,80.75,25233.875,216725.0,822937.0,0.26335551810162866,25300.0,25160.75,25287.5,True,failed_low,high,,25300.0,113.5,1.4055727554179567,10,25253.0,25209.0,44.0,25213.25,down,auction,25252.25,25243.75,-8.5,6781.0
2025-10-10,06:30,13:00,25359.75,24747.75,612.0,25053.75,478841.0,1841745.0,0.25999310436569667,25359.75,24157.75,24188.25,False,none,low,,,161.0,0.2630718954248366,10,25348.25,25319.0,29.25,25333.5,down,auction,25335.5,25341.5,6.0,3570.0
2025-10-13,06:30,13:00,24888.5,24743.5,145.0,24816.0,268341.0,831801.0,0.32260240129550216,24965.0,24743.5,24905.0,False,none,high,,,36.5,0.2517241379310345,10,24888.5,24795.0,93.5,24881.75,up,auction,24825.0,24814.75,-10.25,7234.0
2025-10-14,06:30,13:00,24768.75,24670.5,98.25,24719.625,244041.0,1073902.0,0.22724699274235452,24947.25,24670.5,24755.75,False,failed_high,high,24686.0,,82.75,0.8422391857506362,10,24737.0,24680.5,56.5,24729.25,up,auction,24721.0,24700.25,-20.75,7371.0
2025-10-15,06:30,13:00,25116.0,25045.5,70.5,25080.75,196720.0,1287156.0,0.1528330676312739,25116.0,24663.5,24942.0,False,none,low,,,13.5,0.19148936170212766,10,25116.0,25095.75,20.25,25104.25,up,auction,25101.5,25109.0,7.5,3956.0
2025-10-16,06:30,13:00,25179.75,25002.0,177.75,25090.875,311285.0,1676663.0,0.18565746366443345,25179.75,24643.25,24793.75,False,none,low,,,70.75,0.3980309423347398,10,25145.75,25081.25,64.5,25125.75,up,auction,25081.25,25087.0,5.75,6829.0
2025-10-17,06:30,13:00,24914.75,24700.5,214.25,24807.625,356905.0,1153354.0,0.30944965726047685,25054.25,24674.5,25033.0,True,failed_low,low,,25054.25,353.75,1.6511085180863476,10,24914.75,24805.25,109.5,24808.0,down,drive,24909.0,24889.25,-19.75,6924.0
2025-10-20,06:30,13:00,25333.0,25265.0,68.0,25299.0,157228.0,600165.0,0.2619746236451643,25355.0,25265.0,25326.25,False,failed_high,high,25289.25,,43.75,0.6433823529411765,10,25289.25,25265.0,24.25,25286.0,up,auction,25281.75,25275.0,-6.75,3968.0
2025-10-21,06:30,13:00,25303.0,25203.0,100.0,25253.0,208757.0,733568.0,0.2845775715407433,25347.5,25203.0,25265.0,False,failed_high,high,25228.75,,74.25,0.7425,10,25262.25,25203.0,59.25,25250.25,up,auction,25221.0,25223.75,2.75,6030.0
2025-10-22,06:30,13:00,25191.75,25003.25,188.5,25097.5,362202.0,1403002.0,0.25816214089502365,25191.75,24805.25,25040.0,False,failed_low,low,,25131.25,128.0,0.6790450928381963,10,25142.25,25087.0,55.25,25093.5,down,auction,25125.5,25110.0,-15.5,12062.0
2025-10-23,06:30,13:00,25199.25,25133.25,66.0,25166.25,206853.0,769144.0,0.2689392363458598,25295.0,25119.5,25277.25,True,failed_low,high,,25295.0,79.75,1.2083333333333333,10,25190.5,25133.25,57.25,25187.0,up,auction,25147.25,25147.5,0.25,7485.0
2025-10-24,06:30,13:00,25544.5,25432.5,112.0,25488.5,209718.0,620714.0,0.3378657481545446,25569.0,25432.5,25510.25,False,failed_high,high,25497.5,,47.0,0.41964285714285715,10,25516.5,25468.5,48.0,25511.25,up,auction,25499.5,25475.25,-24.25,7273.0
2025-10-27,06:30,13:00,25902.75,25850.0,52.75,25876.375,127877.0,449486.0,0.28449606884307854,26026.0,25850.0,26004.0,False,none,high,,,14.5,0.27488151658767773,10,25887.25,25856.25,31.0,25881.75,up,auction,25868.5,25870.75,2.25,4056.0
2025-10-28,06:30,13:00,26056.5,26008.5,48.0,26032.5,138582.0,677995.0,0.20439973746119072,26232.0,26006.0,26172.5,True,failed_low,low,,26232.0,223.5,4.65625,10,26052.25,26023.5,28.75,26027.75,down,auction,26046.0,26045.25,-0.75,3565.0
2025-10-29,06:30,13:00,26308.5,26237.0,71.5,26272.75,159152.0,1103772.0,0.14418919849389186,26378.5,26047.5,26223.75,True,failed_high,low,26159.5,,141.5,1.979020979020979,10,26308.5,26289.5,19.0,26302.5,up,auction,26298.0,26293.0,-5.0,2376.0
2025-10-30,06:30,13:00,26098.5,25978.75,119.75,26038.625,224725.0,1020145.0,0.22028731209779,26149.0,25853.0,26149.0,True,failed_low,low,,26149.0,170.25,1.4217118997912317,10,26075.0,26015.5,59.5,26040.25,up,auction,26019.75,26043.25,23.5,5736.0
2025-10-31,06:30,13:00,26183.0,26100.5,82.5,26141.75,175180.0,1088591.0,0.16092361594023835,26183.0,25887.75,25983.75,False,none,low,,,57.25,0.693939393939394,10,26150.5,26100.5,50.0,26147.5,up,auction,26106.25,26110.25,4.0,4590.0
2025-11-03,06:30,13:00,26265.75,26022.75,243.0,26144.25,325237.0,991921.0,0.3278859909206479,26265.75,26012.75,26103.0,False,failed_low,low,,26166.0,143.25,0.5895061728395061,10,26265.75,26174.5,91.25,26176.0,down,drive,26235.75,26248.75,13.0,8956.0
2025-11-04,06:30,13:00,25893.75,25663.0,230.75,25778.375,345439.0,1315385.0,0.26261436765661766,25893.75,25545.0,25589.75,False,none,low,,,70.5,0.3055254604550379,10,25757.0,25663.0,94.0,25688.75,down,auction,25741.5,25731.0,-10.5,10198.0
2025-11-05,06:30,13:00,25718.0,25487.75,230.25,25602.875,381075.0,995960.0,0.38262078798345317,25878.5,25487.75,25724.75,False,none,high,,,59.75,0.25950054288816504,10,25577.25,25487.75,89.5,25554.75,up,auction,25542.25,25569.0,26.75,10017.0
2025-11-06,06:30,13:00,25684.75,25404.25,280.5,25544.5,461342.0,1722968.0,0.26776005126038327,25684.75,25197.25,25258.5,False,none,low,,,35.0,0.12477718360071301,10,25684.75,25619.5,65.25,25645.0,down,auction,25673.75,25652.25,-21.5,10348.0
2025-11-07,06:30,13:00,25111.5,24881.75,229.75,24996.625,480242.0,1770978.0,0.27117332908709196,25185.25,24709.0,25181.0,True,failed_low,low,,25185.25,303.5,1.3210010881392817,10,25111.5,24918.5,193.0,24925.5,down,drive,25110.25,25046.25,-64.0,13654.0
2025-11-10,06:30,13:00,25666.5,25524.0,142.5,25595.25,312081.0,1233845.0,0.2529337153370156,25760.0,25452.25,25714.25,True,failed_low,low,,25760.0,236.0,1.656140350877193,10,25617.5,25524.0,93.5,25611.5,up,auction,25539.0,25564.0,25.0,12377.0
2025-11-11,06:30,13:00,25646.0,25530.0,116.0,25588.0,330553.0,1108985.0,0.29806805321983615,25695.75,25478.5,25656.75,True,failed_low,low,,25695.75,165.75,1.4288793103448276,10,25646.0,25595.5,50.5,25619.75,up,auction,25605.25,25620.0,14.75,8938.0
2025-11-12,06:30,13:00,25780.5,25561.5,219.0,25671.0,383102.0,1364794.0,0.2807031683902479,25780.5,25488.75,25638.25,False,failed_low,low,,25651.5,90.0,0.410958904109589,10,25780.5,25669.75,110.75,25682.75,down,auction,25778.5,25735.75,-42.75,10665.0
2025-11-13,06:30,13:00,25501.5,25280.75,220.75,25391.125,470116.0,1932918.0,0.24321569771713025,25501.5,25002.0,25126.25,False,none,low,,,16.75,0.07587768969422423,10,25501.5,25353.5,148.0,25360.5,down,drive,25477.25,25458.0,-19.25,9899.0
2025-11-14,06:30,13:00,25028.25,24626.0,402.25,24827.125,558258.0,1804143.0,0.3094311260249326,25293.5,24626.0,25091.5,False,none,high,,,29.5,0.07333747669359851,10,24818.5,24626.0,192.5,24800.5,up,auction,24722.75,24698.0,-24.75,14047.0
2025-11-17,06:30,13:00,25254.75,24955.25,299.5,25105.0,477918.0,1877504.0,0.2545496574175075,25254.75,24732.0,24908.75,False,none,low,,,245.75,0.820534223706177,10,25178.0,24955.25,222.75,25171.0,up,auction,24997.75,24968.25,-29.5,12692.0
2025-11-18,06:30,13:00,24832.0,24430.0,402.0,24631.0,631178.0,2174242.0,0.29029795211388615,24832.0,24380.0,24564.5,False,failed_low,low,,24810.25,380.25,0.9458955223880597,10,24832.0,24664.5,167.5,24738.0,up,auction,24718.25,24737.25,19.0,12754.0
2025-11-19,06:30,13:00,24988.0,24572.75,415.25,24780.375,469731.0,2070519.0,0.22686630743306388,24988.0,24508.0,24728.5,False,failed_low,low,,24830.25,257.5,0.6201083684527393,10,24693.75,24572.75,121.0,24677.75,up,auction,24610.75,24603.5,-7.25,14259.0
2025-11-20,06:30,13:00,25300.25,25145.0,155.25,25222.625,462328.0,2525579.0,0.1830582215008915,25310.0,24069.75,24135.5,True,failed_high,high,24069.75,,1230.5,7.925925925925926,10,25242.25,25151.5,90.75,25209.25,flat,auction,25209.25,25180.5,-28.75,15932.0
2025-11-21,06:30,13:00,24298.25,24021.0,277.25,24159.625,521878.0,1974698.0,0.2642824371119027,24596.5,23927.25,24327.25,True,failed_low,low,,24596.5,575.5,2.0757439134355273,10,24280.0,24158.25,121.75,24176.5,down,auction,24203.75,24246.25,42.5,14252.0
2025-11-24,06:30,13:00,24769.5,24513.5,256.0,24641.5,495099.0,1250456.0,0.39593476299845815,24993.25,24513.5,24933.75,False,none,high,,,23.0,0.08984375,10,24722.25,24513.5,208.75,24654.25,up,auction,24522.25,24544.75,22.5,10706.0
2025-11-25,06:30,13:00,24882.0,24602.0,280.0,24742.0,607329.0,1581531.0,0.38401333897343776,25135.75,24602.0,25084.5,False,none,high,,,55.5,0.1982142857142857,10,24882.0,24817.5,64.5,24837.0,down,auction,24856.75,24829.0,-27.75,14869.0
2025-11-26,06:30,13:00,25281.5,25134.75,146.75,25208.125,415811.0,1210257.0,0.3435724808862911,25375.5,25134.75,25304.5,False,none,high,,,18.0,0.12265758091993186,10,25271.0,25189.25,81.75,25224.5,up,auction,25222.0,25243.0,21.0,10990.0
2025-11-27,06:30,13:00,25318.0,25287.0,31.0,25302.5,25578.0,52932.0,0.483223758784856,25318.0,25285.75,25299.75,False,failed_low,low,,25304.5,17.5,0.5645161290322581,10,25318.0,25292.75,25.25,25295.25,down,auction,25301.5,25310.5,9.0,814.0
2025-11-28,06:30,13:00,25421.5,25329.5,92.0,25375.5,94245.0,305722.0,0.3082702586009512,25500.25,25329.5,25484.75,False,none,high,,,54.0,0.5869565217391305,10,25421.5,25352.5,69.0,25377.0,up,auction,25359.5,25368.75,9.25,1663.0
2025-12-01,06:30,13:00,25389.75,25209.0,180.75,25299.375,351509.0,1191018.0,0.29513323896028437,25495.75,25209.0,25407.75,False,none,high,,,67.25,0.37206085753803597,10,25319.75,25234.0,85.75,25260.0,up,auction,25254.75,25281.25,26.5,8212.0
2025-12-02,06:30,13:00,25654.25,25471.25,183.0,25562.75,372049.0,1414715.0,0.2629851242122972,25670.0,25413.75,25602.0,True,failed_both,high,25413.75,25646.75,240.5,1.314207650273224,10,25608.75,25471.25,137.5,25597.0,up,auction,25492.25,25477.75,-14.5,10053.0
2025-12-03,06:30,13:00,25574.25,25430.0,144.25,25502.125,369210.0,1091308.0,0.3383187880964861,25685.75,25430.0,25658.0,False,none,high,,,55.5,0.3847487001733102,10,25538.0,25451.5,86.5,25462.0,down,auction,25495.0,25480.25,-14.75,11856.0
2025-12-04,06:30,13:00,25713.25,25520.0,193.25,25616.625,374019.0,1240409.0,0.301528769946042,25713.25,25487.0,25629.5,False,failed_low,low,,25654.25,134.25,0.6946959896507116,10,25713.25,25550.5,162.75,25617.0,down,auction,25711.75,25669.5,-42.25,12427.0
2025-12-05,06:30,13:00,25867.75,25660.5,207.25,25764.125,334996.0,1171873.0,0.28586374120745167,25867.75,25651.0,25736.0,False,failed_low,low,,25761.5,101.0,0.4873341375150784,10,25777.75,25676.5,101.25,25731.25,up,auction,25679.75,25732.5,52.75,15532.0
2025-12-08,06:30,13:00,25860.75,25656.75,204.0,25758.75,310742.0,1070776.0,0.2902026194087279,25860.75,25563.75,25665.5,False,failed_low,low,,25696.5,39.75,0.1948529411764706,10,25860.75,25778.25,82.5,25803.75,up,auction,25791.5,25824.0,32.5,12703.0
2025-12-09,06:30,13:00,25670.0,25560.0,110.0,25615.0,280491.0,864254.0,0.32454695031784636,25738.5,25560.0,25694.5,False,none,high,,,34.5,0.31363636363636366,10,25646.75,25560.0,86.75,25640.25,up,auction,25618.75,25601.75,-17.0,11424.0
2025-12-10,06:30,13:00,25673.0,25567.0,106.0,25620.0,287254.0,1358752.0,0.21141017639716445,25869.75,25528.25,25803.25,True,failed_low,low,,25869.75,302.75,2.856132075471698,10,25663.25,25567.0,96.25,25622.0,down,auction,25647.25,25645.0,-2.25,11706.0
2025-12-11,06:30,13:00,25649.75,25390.25,259.5,25520.0,495182.0,1363760.0,0.3631005455505367,25730.0,25390.25,25715.5,False,none,high,,,19.75,0.07610789980732177,10,25649.75,25563.25,86.5,25585.75,down,auction,25643.0,25593.0,-50.0,14655.0
2025-12-12,06:30,13:00,25620.5,25295.25,325.25,25457.875,453122.0,1784672.0,0.25389651431747684,25620.5,25117.75,25220.25,False,none,low,,,73.0,0.22444273635664874,10,25620.5,25522.0,98.5,25609.0,up,auction,25559.75,25550.0,-9.75,11351.0
2025-12-15,06:30,13:00,25410.0,25034.5,375.5,25222.25,236807.0,678106.0,0.34921826381126253,25410.0,25034.5,25098.25,False,none,none,,,,,10,25410.0,25294.25,115.75,25296.0,down,drive,25408.0,25380.0,-28.0,6500.0
2025-12-16,06:30,13:00,25164.5,24936.5,228.0,25050.5,117383.0,331540.0,0.3540538094950835,25202.25,24926.25,25115.5,True,failed_both,low,25111.75,25202.25,265.75,1.1655701754385965,10,25106.5,24966.0,140.5,25064.25,up,auction,24989.25,25045.25,56.0,4538.0
2025-12-17,06:30,13:00,25449.25,25245.25,204.0,25347.25,364293.0,1382869.0,0.2634327618885086,25449.25,24887.75,24925.25,False,none,low,,,20.0,0.09803921568627451,10,25449.25,25330.0,119.25,25336.5,down,auction,25422.25,25420.25,-2.0,11003.0
2025-12-18,06:30,13:00,25338.0,25160.75,177.25,25249.375,406902.0,1417977.0,0.2869595204999799,25417.0,25160.75,25246.0,False,failed_high,high,25184.75,,153.25,0.8645980253878702,10,25329.5,25188.25,141.25,25214.0,down,auction,25279.0,25306.5,27.5,13591.0
2025-12-19,06:30,13:00,25601.0,25356.25,244.75,25478.625,370664.0,942801.0,0.39315189525679334,25601.0,25356.25,25576.0,False,none,none,,,,,10,25465.0,25356.25,108.75,25453.5,up,auction,25361.75,25391.75,30.0,12839.0
2025-12-22,06:30,13:00,25795.0,25671.0,124.0,25733.0,310405.0,776264.0,0.3998704049137922,25795.0,25629.5,25703.75,False,failed_low,low,,25731.25,60.25,0.48588709677419356,10,25795.0,25677.75,117.25,25700.5,down,auction,25780.75,25761.75,-19.0,9505.0
2025-12-23,06:30,13:00,25751.25,25627.25,124.0,25689.25,284959.0,639813.0,0.44537857155137517,25820.25,25627.25,25808.75,False,none,high,,,19.75,0.1592741935483871,10,25737.5,25638.0,99.5,25715.5,up,auction,25644.25,25719.0,74.75,14061.0
2025-12-24,06:30,13:00,25841.0,25781.75,59.25,25811.375,136789.0,291775.0,0.4688167252163482,25892.25,25781.75,25861.75,False,none,high,,,5.5,0.09282700421940929,10,25827.5,25781.75,45.75,25791.5,down,auction,25795.75,25804.0,8.25,8771.0
2025-12-26,06:30,13:00,25935.0,25834.25,100.75,25884.625,197279.0,499993.0,0.39456352388933447,25935.0,25834.25,25871.0,False,none,none,,,,,10,25928.0,25864.5,63.5,25917.75,up,auction,25899.25,25876.0,-23.25,8964.0
2025-12-29,06:30,13:00,25818.75,25661.5,157.25,25740.125,287818.0,789332.0,0.36463490647788255,25818.75,25647.75,25742.75,False,failed_low,low,,25774.5,113.0,0.7186009538950715,10,25818.75,25664.25,154.5,25797.25,up,auction,25707.0,25691.5,-15.5,10194.0
2025-12-30,06:30,13:00,25774.75,25673.5,101.25,25724.125,242000.0,671590.0,0.36033889724385415,25794.0,25668.25,25685.25,True,failed_both,high,25668.25,25689.5,106.5,1.0518518518518518,10,25733.0,25685.5,47.5,25692.5,flat,auction,25692.5,25717.5,25.0,9380.0
2025-12-31,06:30,13:00,25692.25,25568.25,124.0,25630.25,225796.0,745291.0,0.30296354041575707,25692.25,25444.5,25467.25,False,none,low,,,66.5,0.5362903225806451,10,25692.25,25612.0,80.25,25631.0,down,auction,25679.0,25680.0,1.0,7331.0
2026-01-02,06:30,13:00,25803.5,25457.25,346.25,25630.375,425445.0,1369455.0,0.31066738227981205,25803.5,25265.25,25408.75,False,none,low,,,36.5,0.10541516245487365,10,25733.5,25650.25,83.25,25651.5,down,auction,25686.75,25721.5,34.75,12407.0
2026-01-05,06:30,13:00,25684.0,25538.5,145.5,25611.25,384368.0,979578.0,0.3923812090512445,25708.0,25538.5,25576.0,False,failed_high,high,25548.5,,135.5,0.9312714776632303,10,25673.25,25550.5,122.75,25567.75,down,auction,25643.0,25657.5,14.5,13730.0
2026-01-06,06:30,13:00,25778.75,25608.75,170.0,25693.75,358852.0,1051950.0,0.3411302818575027,25837.75,25608.75,25822.0,False,none,high,,,33.5,0.19705882352941176,10,25679.0,25627.0,52.0,25640.75,up,auction,25636.0,25670.0,34.0,14917.0
2026-01-07,06:30,13:00,25880.0,25770.75,109.25,25825.375,320780.0,1095076.0,0.2929294405137178,25998.0,25770.75,25834.0,False,failed_high,high,25809.0,,71.0,0.6498855835240275,10,25836.0,25770.75,65.25,25835.25,up,auction,25790.5,25777.25,-13.25,12769.0
2026-01-08,06:30,13:00,25802.75,25569.5,233.25,25686.125,452881.0,1254765.0,0.3609289388849705,25802.75,25569.5,25698.0,False,none,none,,,,,10,25802.75,25676.5,126.25,25679.0,down,drive,25786.25,25757.5,-28.75,14759.0
2026-01-09,06:30,13:00,25862.0,25615.75,246.25,25738.875,507673.0,1230593.0,0.4125433835557329,25986.0,25615.75,25928.75,False,none,high,,,101.0,0.4101522842639594,10,25791.0,25648.25,142.75,25755.75,up,auction,25714.5,25682.75,-31.75,15876.0
2026-01-12,06:30,13:00,25933.25,25743.75,189.5,25838.5,327128.0,881940.0,0.37091865659795453,26020.5,25743.75,25955.25,False,none,high,,,12.5,0.06596306068601583,10,25889.5,25743.75,145.75,25882.75,up,auction,25745.75,25792.5,46.75,15493.0
2026-01-13,06:30,13:00,26043.0,25811.75,231.25,25927.375,452381.0,1415980.0,0.3194826198110143,26043.0,25803.25,25921.5,False,failed_low,low,,26026.0,214.25,0.9264864864864865,10,26011.25,25930.75,80.5,26009.0,up,auction,25950.25,25972.25,22.0,15362.0
2026-01-14,06:30,13:00,25791.25,25533.0,258.25,25662.125,543931.0,1752551.0,0.31036529036815474,25791.25,25421.25,25654.25,False,failed_low,low,,25654.75,121.75,0.4714424007744434,10,25791.25,25668.0,123.25,25696.25,down,auction,25740.0,25732.25,-7.75,11375.0
2026-01-15,06:30,13:00,25954.25,25837.25,117.0,25895.75,422068.0,1353511.0,0.3118319688572904,25954.25,25680.75,25717.25,False,none,low,,,102.5,0.8760683760683761,10,25946.75,25853.0,93.75,25885.5,down,auction,25925.0,25903.5,-21.5,14873.0
